ID;FEMALE;MALE;ETHBLACK;ETHHISP;ETHWHITE;AGE;S;EDUCPROF;EDUCPHD;EDUCMAST;EDUCBA;EDUCAA;EDUCHSD;EDUCDO;SINGLE;MARRIED;DIVORCED;FAITHN;FAITHP;FAITHC;FAITHJ;FAITHO;ASVAB01;ASVAB02;ASVAB03;ASVAB04;ASVAB05;ASVAB06;ASVABC;HEIGHT;WEIGHT85;WEIGHT02;SM;SF;SIBLINGS;LIBRARY;POV78;EXP;EARNINGS;HOURS;TENURE;COLLBARG;CATGOV;CATPRI;CATSE;URBAN;REGNE;REGNC;REGW;REGS
3640;0;1;0;0;1;37;12;0;0;0;0;0;1;0;0;1;0;0;0;0;0;1;26;35;31;23;25;35;30.36646;69;145;205;9;10;3;1;0;17.55769;9;40;16.73077;0;1;0;0;0;0;1;0;0
277;0;1;0;0;1;42;12;0;0;0;0;0;1;0;1;0;0;0;0;1;0;0;56;42;47;47;52;59;45.08792;70;135;178;16;13;2;1;;21.42308;10;35;14.01923;0;0;1;0;1;1;0;0;0
5167;0;1;0;0;1;42;12;0;0;0;0;0;1;0;0;1;0;0;1;0;0;0;52;50;48;50;39;41;50.54031;70;170;195;11;8;3;0;0;23.17308;20.май;48;15.01923;0;0;1;0;1;0;0;1;0
2578;0;1;0;0;1;41;12;0;0;0;0;0;1;0;0;1;0;0;1;0;0;0;56;36;43;38;33;29;38.27243;69;167;183;12;12;10;0;0;20.92308;сен.97;40;3.942308;1;0;1;0;1;0;1;0;0
2998;0;1;0;0;1;41;12;0;0;0;0;0;1;0;0;1;0;0;0;1;0;0;56;50;59;53;41;44;54.35698;70;175;222;11;9;4;1;0;22.40385;12.мар;50;4.673077;0;0;1;0;1;0;0;0;1
3055;0;1;0;0;1;39;12;0;0;0;0;0;1;0;0;1;0;0;0;1;0;0;40;40;42;29;41;41;37.72719;75;165;175;12;8;2;0;0;15.57692;12.май;50;14.07692;0;0;1;0;0;1;0;0;0
5211;0;1;0;0;1;38;12;0;0;0;0;0;1;0;0;1;0;0;1;0;0;0;52;38;41;35;30;39;37.99981;74;170;210;12;7;3;1;0;15.94231;15;40;7.076923;0;0;1;0;1;0;0;1;0
5344;0;1;0;0;1;38;16;0;0;0;1;0;0;0;0;1;0;0;0;1;0;0;56;49;54;50;47;35;51.63079;74;240;271;12;16;1;1;;15.25;13.71;54;7.211538;0;0;1;0;1;0;1;0;0
1975;0;1;0;0;1;38;12;0;0;0;0;0;1;0;0;1;0;0;1;0;0;0;54;47;56;62;53;46;54.35698;64;140;155;12;12;4;0;0;13.80769;14.42;40;13.11539;0;0;1;0;0;0;1;0;0
3494;0;1;0;0;1;45;13;0;0;0;0;0;1;0;0;1;0;0;0;1;0;0;52;57;55;53;49;42;57.08318;69;215;230;12;12;3;1;0;17.90385;30;48;22.73077;1;0;1;0;1;0;1;0;0
4698;0;1;0;0;1;38;16;0;0;0;1;0;0;0;0;1;0;0;0;0;1;0;54;61;56;44;60;42;57.08318;71;195;190;14;12;1;1;0;15.09615;авг.75;16;8.153846;0;0;1;0;1;1;0;0;0
2419;0;1;0;0;1;39;10;0;0;0;0;0;0;1;0;1;0;0;1;0;0;0;40;45;30;38;37;44;39.63553;73;148;185;13;8;2;1;0;20.84615;20.89;47;10.73077;0;0;1;0;1;0;0;0;1
3616;0;1;0;0;1;39;12;0;0;0;0;0;1;0;0;1;0;0;0;1;0;0;64;59;61;59;58;52;61.44509;72;150;150;12;9;3;0;0;18.42308;19.45;40;8.403846;0;0;1;0;0;0;1;0;0
417;0;1;0;0;1;41;12;0;0;0;0;0;1;0;0;1;0;0;0;1;0;0;60;47;61;53;41;44;53.26651;72;170;210;12;16;1;1;0;21.84615;19.23;40;7.346154;1;1;0;0;1;1;0;0;0
269;0;1;0;0;1;43;16;0;0;0;1;0;0;0;0;1;0;0;0;1;0;0;62;61;57;59;48;50;61.44509;69;135;170;12;18;0;1;0;21.46154;86.53;50;6.769231;0;0;1;0;1;1;0;0;0
12044;0;1;0;0;1;40;18;0;0;1;0;0;0;0;0;1;0;0;1;0;0;0;46;40;51;56;47;45;47.5415;68;210;225;12;12;1;1;0;14.25;11.ноя;45;1.076923;0;0;1;0;1;0;0;0;1
3932;0;1;1;0;0;40;12;0;0;0;0;0;1;0;0;0;1;0;1;0;0;0;38;40;43;47;43;43;42.90696;64;155;220;11;11;3;1;0;20.73077;23.июл;40;12.30769;1;1;0;0;1;0;0;0;1
1837;0;1;0;1;0;45;13;0;0;0;0;0;0;1;0;0;1;0;0;1;0;0;44;45;38;44;49;51;43.4522;66;155;170;2;0;6;1;1;15.61539;дек.98;40;8.115385;1;0;1;0;0;0;0;1;0
1107;0;1;0;0;1;45;12;0;0;0;0;0;1;0;0;1;0;0;1;0;0;0;60;51;54;56;56;31;54.35698;71;195;210;12;16;0;1;0;23.26923;27.77;45;2;0;0;1;0;0;0;0;0;1
5017;0;1;0;0;1;42;14;0;0;0;0;0;1;0;0;1;0;0;1;0;0;0;64;65;61;50;61;72;62.26295;71;170;170;16;17;0;1;0;22.86539;38.04;46;20.73077;0;0;1;0;1;0;0;0;1
3751;0;1;0;0;1;38;12;0;0;0;0;0;1;0;0;1;0;0;0;1;0;0;52;40;51;59;43;45;48.35935;74;195;240;12;12;3;1;1;20.92308;18.37;45;5.480769;0;0;1;0;2;0;1;0;0
5651;0;1;0;0;1;44;18;0;0;1;0;0;0;0;0;1;0;0;0;1;0;0;66;66;56;59;62;70;63.89867;75;230;235;16;17;2;1;0;19.98077;16.66;45;3.692308;0;1;0;0;1;0;0;0;1
4707;0;1;0;0;1;37;12;0;0;0;0;0;0;0;0;1;0;0;0;1;0;0;64;53;52;44;44;45;51.63079;72;150;190;12;14;2;1;0;20.75;43.75;40;19.03846;1;0;1;0;1;0;1;0;0
847;0;1;1;0;0;43;16;0;0;0;0;0;1;0;0;1;0;0;0;0;0;1;50;46;47;50;51;44;48.08673;68;155;175;11;11;8;1;0;22.44231;35.71;35;7.057693;1;1;0;0;1;1;0;0;0
2191;0;1;0;0;1;44;12;0;0;0;0;0;1;0;0;1;0;0;1;0;0;0;56;54;51;47;42;42;52.72127;76;295;400;10;11;1;0;0;22.63461;ноя.32;45;2.134615;0;0;1;0;1;0;0;0;1
2703;0;1;0;1;0;42;16;0;0;0;1;0;0;0;0;1;0;0;0;1;0;0;52;50;51;50;55;49;51.35817;67;155;175;5;6;8;1;1;20.78846;40.86;40;0.9423077;0;0;1;0;1;0;0;0;1
3777;0;1;0;0;1;42;12;0;0;0;0;0;1;0;0;1;0;0;1;0;0;0;56;54;56;53;54;51;55.72008;67;170;180;11;12;3;0;0;23.42308;21.63;40;7.192307;1;0;1;0;1;0;1;0;0
5187;0;1;0;0;1;41;13;0;0;0;0;0;1;0;0;0;1;1;0;0;0;0;54;53;56;50;60;46;54.35698;71;140;140;14;14;1;1;0;21.46154;12;50;6.480769;0;0;1;0;1;0;0;1;0
4278;0;1;0;0;1;42;12;0;0;0;0;0;1;0;0;1;0;0;0;1;0;0;62;57;57;50;55;63;56.81056;72;225;260;12;12;6;1;0;23.30769;19.46;40;14.76923;0;0;1;0;1;0;0;0;1
659;0;1;0;0;1;43;14;0;0;0;0;0;1;0;0;1;0;0;0;1;0;0;40;59;41;47;55;51;52.72127;74;165;210;12;16;5;1;0;17.90385;21;40;4.961538;1;0;1;0;1;0;1;0;0
4829;0;1;0;0;1;39;16;0;0;0;1;0;0;0;0;1;0;0;0;1;0;0;60;62;57;59;53;49;61.99033;71;170;175;13;18;4;1;0;14.32692;30.76;60;14.26923;0;0;1;0;2;0;1;0;0
3591;0;1;0;0;1;41;12;0;0;0;0;0;1;0;0;0;1;0;0;1;0;0;50;61;52;59;58;49;60.082;70;163;185;12;12;6;0;0;22.98077;26.82;38;21.03846;1;0;1;0;1;0;1;0;0
1471;0;1;0;0;1;44;8;0;0;0;0;0;0;1;0;0;1;0;1;0;0;0;44;47;42;35;43;47;43.17958;66;160;200;10;6;4;0;0;19.05769;25;40;0.1346154;0;0;1;0;0;0;0;0;1
4770;0;1;0;0;1;38;12;0;0;0;0;0;1;0;0;1;0;0;1;0;0;0;44;57;43;47;49;51;52.17603;73;145;190;12;10;3;1;0;19.21154;13.95;40;13.63461;1;0;1;0;1;0;1;0;0
2475;0;1;0;0;1;39;12;0;0;0;0;0;1;0;0;1;0;0;0;1;0;0;62;54;52;56;62;54;55.44746;68;150;185;10;12;5;1;0;19.30769;17.авг;40;13.34615;0;0;1;0;0;0;1;0;0
2010;0;1;0;0;1;44;19;0;0;0;1;0;0;0;0;1;0;0;1;0;0;0;62;54;60;59;60;57;58.44628;74;170;180;16;18;1;0;0;17.96154;47;45;3.326923;0;0;1;0;1;0;0;1;0
4879;0;1;0;0;1;44;12;0;0;0;0;0;1;0;0;1;0;0;0;1;0;0;58;53;59;59;53;39;57.62842;74;170;175;11;14;0;1;1;20.51923;окт.37;40;8.365385;0;0;1;0;1;0;1;0;0
4064;0;1;0;0;1;38;12;0;0;0;0;0;1;0;0;0;1;0;1;0;0;0;60;64;61;56;42;45;63.35343;73;200;250;12;12;1;1;0;18.69231;18.85;40;15.13461;1;0;1;0;1;0;0;0;1
874;0;1;0;0;1;38;18;0;0;1;0;0;0;0;0;1;0;0;0;1;0;0;56;62;59;62;52;55;63.35343;68;150;180;16;17;4;1;0;14.21154;23.июл;60;13.73077;1;1;0;0;1;0;1;0;0
3493;0;1;0;0;1;44;12;0;0;0;0;0;1;0;0;1;0;0;0;1;0;0;62;58;56;53;47;51;57.90104;70;200;300;10;10;3;1;0;20.38461;14;40;3.942308;0;0;1;0;1;0;0;0;1
1851;0;1;0;1;0;43;14;0;0;0;0;0;1;0;1;0;0;0;0;1;0;0;48;54;51;50;48;50;53.53913;68;147;170;8;4;3;1;0;12.65385;24.мар;20;3.230769;0;0;1;0;1;0;0;1;0
2845;0;1;0;0;1;39;20;0;1;0;0;0;0;0;0;1;0;1;0;0;0;0;66;66;61;59;62;45;65.26176;69;155;150;17;20;3;1;0;10.94231;25.98;37;5.269231;1;1;0;0;1;0;0;0;1
4468;0;1;0;0;1;43;13;0;0;0;0;0;1;0;0;1;0;0;1;0;0;0;66;55;59;53;51;52;57.08318;72;200;250;12;16;2;1;0;18.25;29.май;40;6.134615;1;0;1;0;1;0;0;1;0
4799;0;1;0;0;1;40;18;0;0;0;1;0;0;0;1;0;0;0;1;0;0;0;68;66;60;59;44;45;64.98915;69;225;230;12;8;2;1;0;авг.75;15.май;40;4.711538;1;1;0;0;1;0;1;0;0
3172;0;1;0;0;1;43;20;0;1;0;0;0;0;0;0;1;0;0;0;0;1;0;66;66;60;62;62;63;65.80701;68;137;145;16;20;2;1;;15.92308;мар.36;60;11.09615;1;0;1;0;1;0;1;0;0
4068;0;1;0;0;1;39;8;0;0;0;0;0;0;1;0;0;1;0;1;0;0;0;36;38;34;35;28;30;36.09147;69;160;175;10;12;7;1;1;14.78846;12;45;1.692308;0;0;1;0;0;0;0;0;1
5307;0;1;0;0;1;42;12;0;0;0;0;0;1;0;0;1;0;1;0;0;0;0;44;38;48;47;40;39;43.17958;73;190;210;10;6;6;0;1;21.42308;дек.19;40;18.59615;0;0;1;0;0;0;1;0;0
4335;0;1;0;0;1;42;11;0;0;0;0;0;0;1;0;1;0;0;1;0;0;0;50;39;48;32;31;35;39.63553;72;168;205;11;11;2;1;0;22.71154;14.67;40;2.288461;0;1;0;0;1;0;0;1;0
5029;0;1;0;0;1;40;16;0;0;0;0;0;0;0;0;1;0;0;1;0;0;0;68;66;61;62;62;68;66.07963;72;170;165;14;16;1;1;0;17.57692;52.85;55;9.538462;0;0;1;0;1;0;0;0;1
4412;0;1;0;1;0;39;12;0;0;0;0;0;1;0;1;0;0;0;0;1;0;0;46;40;37;38;35;43;38.81767;69;178;235;12;8;5;1;0;16.май;13.апр;40;14.25;0;0;1;0;1;0;0;1;0
653;0;1;0;0;1;42;18;0;0;1;0;0;0;0;0;1;0;0;0;0;0;1;66;66;59;59;57;56;64.71653;69;155;155;16;13;0;0;0;17.92308;29.янв;51;7.538462;0;1;0;0;1;0;1;0;0
825;0;1;0;0;1;44;17;0;0;0;1;0;0;0;0;1;0;0;0;1;0;0;64;59;61;59;62;53;61.44509;70;175;180;16;16;2;1;0;18.96154;29.май;45;17.92308;0;0;1;0;1;0;0;1;0
3829;0;1;0;0;1;43;12;0;0;0;0;0;1;0;0;1;0;0;1;0;0;0;52;47;60;53;44;50;52.99389;69;235;310;9;10;0;1;0;23.28846;37.78;57;14.88461;0;0;1;0;0;0;0;0;1
3390;0;1;1;0;0;42;20;0;0;0;0;0;0;0;0;1;0;0;0;0;0;1;64;66;57;53;62;65;62.53557;69;185;240;17;17;2;1;0;16.38461;30.55;45;2.692308;0;0;1;0;1;0;1;0;0
5604;0;1;0;0;1;42;9;0;0;0;0;0;0;1;0;1;0;0;0;0;0;1;22;35;24;29;27;25;30.09384;65;200;196;9;10;3;1;0;20.86539;дек.75;50;янв.75;1;1;0;0;0;0;0;0;1
5207;0;1;0;0;1;43;14;0;0;0;0;0;1;0;1;0;0;0;1;0;0;0;52;59;54;56;46;32;58.7189;75;295;245;9;12;3;1;0;3.711539;05.май;58;0.5961539;0;0;1;0;1;0;0;1;0
5235;0;1;0;0;1;38;14;0;0;0;0;0;1;0;0;0;1;0;1;0;0;0;44;46;39;23;40;41;38.54505;72;185;250;10;12;3;1;0;17.63461;25.58;40;4.980769;1;1;0;0;1;0;0;1;0
1188;0;1;0;0;1;39;15;0;0;0;0;0;1;0;0;1;0;0;0;0;1;0;58;62;52;56;56;47;59.80938;69;180;190;12;12;2;1;0;18.03846;16.53;50;13.55769;0;0;1;0;0;0;0;0;1
392;0;1;0;0;1;42;12;0;0;0;0;0;1;0;0;1;0;0;0;1;0;0;64;65;59;62;52;56;64.98915;70;215;230;11;12;3;1;0;22.май;19.23;40;24.82692;0;0;1;0;1;1;0;0;0
1788;0;1;0;0;1;37;12;0;0;0;0;0;1;0;1;0;0;0;0;1;0;0;48;58;51;53;53;53;56.53794;70;135;150;12;12;2;1;0;16.28846;20.фев;38;5.326923;0;0;1;0;1;0;0;1;0
1085;0;1;0;0;1;41;12;0;0;0;0;0;1;0;0;0;1;0;1;0;0;0;60;47;60;56;46;48;53.81174;72;175;213;8;12;1;0;0;18.55769;14;50;3.346154;0;0;1;0;0;0;0;0;1
1527;0;1;1;0;0;45;12;0;0;0;0;0;1;0;0;1;0;0;1;0;0;0;28;35;28;29;39;31;31.18432;68;143;165;11;10;6;0;0;21.36539;12;40;16.61539;1;1;0;0;1;0;0;0;1
2330;0;1;0;0;1;40;14;0;0;0;0;0;1;0;0;1;0;0;1;0;0;0;58;50;56;59;40;45;55.17484;74;150;185;12;12;1;1;0;19.92308;22.29;44;17.46154;0;1;0;0;1;0;0;0;1
1612;0;1;0;0;1;40;15;0;0;0;0;1;0;0;0;1;0;0;0;0;0;1;58;49;57;56;55;55;54.08437;71;210;246;12;12;3;1;0;10.78846;8;40;0.0576923;0;0;1;0;1;0;0;1;0
146;0;1;0;0;1;38;12;0;0;0;0;0;1;0;0;0;1;0;0;1;0;0;62;65;57;53;46;46;61.99033;68;165;175;12;12;3;1;0;13.88461;18.авг;45;3.019231;0;0;1;0;1;0;0;0;1
4552;0;1;0;0;1;38;15;0;0;0;0;0;1;0;0;1;0;0;0;1;0;0;60;53;50;59;61;39;55.17484;72;158;190;12;12;1;1;0;ноя.75;18.сен;51;2.711539;0;0;1;0;0;0;0;1;0
2291;0;1;0;0;1;37;16;0;0;0;1;0;0;0;0;1;0;0;0;1;0;0;64;66;56;59;62;57;63.89867;74;180;205;17;16;1;1;0;16.07692;29.45;47;7.307693;0;0;1;0;0;0;0;0;1
3059;0;1;0;0;1;45;12;0;0;0;0;0;1;0;0;0;1;0;0;1;0;0;54;36;44;50;46;47;41.81648;71;190;210;12;12;5;0;0;23.03846;21.39;40;7.596154;1;0;1;0;0;1;0;0;0
2122;0;1;0;0;1;43;12;0;0;0;0;0;1;0;0;1;0;0;1;0;0;0;46;43;33;32;20;29;37.72719;71;204;207;10;10;2;0;0;15.32692;09.авг;50;12.76923;0;0;1;0;0;0;0;0;1
3431;0;1;0;0;1;38;17;0;0;0;1;0;0;0;0;1;0;0;1;0;0;0;68;66;61;59;49;54;65.26176;70;160;185;16;16;6;1;0;16.09615;47;45;13.94231;0;0;1;0;1;0;1;0;0
5586;0;1;0;0;1;41;12;0;0;0;0;0;1;0;0;1;0;0;1;0;0;0;46;43;48;41;56;55;44.27006;68;146;172;12;9;1;1;0;21.90385;15.55;45;3.442308;0;0;1;0;0;0;0;0;1
4159;0;1;0;0;1;41;12;0;0;0;0;0;1;0;0;1;0;0;1;0;0;0;54;36;54;41;43;41;42.0891;71;200;218;14;14;1;1;0;23.25;14.авг;50;2.826923;0;0;1;0;1;0;0;0;1
1859;0;1;0;0;1;44;12;0;0;0;0;0;1;0;0;1;0;0;0;1;0;0;50;55;47;53;53;53;53.81174;72;195;200;12;12;5;0;0;20.23077;16.61;40;11.59615;1;0;1;0;0;1;0;0;0
3706;0;1;0;0;1;45;13;0;0;0;0;0;1;0;0;1;0;0;1;0;0;0;54;53;56;50;50;40;54.35698;72;170;235;12;12;4;1;0;23;20.19;50;1.769231;0;0;1;0;1;0;0;1;0
3690;0;1;0;0;1;40;18;1;0;0;0;0;0;0;1;0;0;0;1;0;0;0;66;65;59;59;52;48;64.17129;66;165;210;20;20;1;1;1;14.05769;52.88;40;14.05769;1;1;0;0;1;0;0;0;1
393;0;1;0;0;1;39;13;0;0;0;0;0;1;0;0;1;0;0;0;1;0;0;58;62;56;44;51;50;57.62842;72;190;225;11;12;3;1;0;18.38461;25;50;3.288461;0;0;1;0;1;1;0;0;0
1887;0;1;0;0;1;41;12;0;0;0;0;0;1;0;1;0;0;0;1;0;0;0;42;35;31;29;32;35;32.00218;67;158;160;8;9;3;1;1;21.53846;июл.54;36;0.8653846;0;0;1;0;1;1;0;0;0
2086;0;1;0;0;1;43;12;0;0;0;0;0;1;0;0;0;1;0;0;1;0;0;46;50;47;53;43;44;51.08555;71;158;160;12;12;6;1;0;23.07692;ноя.78;44;4.788462;0;0;1;0;1;0;1;0;0
1677;0;1;0;0;1;39;12;0;0;0;0;0;1;0;0;1;0;0;1;0;0;0;52;54;51;59;51;46;55.9927;67;135;165;13;13;5;1;;18.53846;25.май;40;16.63461;1;0;1;0;1;0;0;1;0
3310;0;1;1;0;0;39;12;0;0;0;0;0;1;0;0;1;0;0;1;0;0;0;38;40;35;50;37;42;41.54387;72;160;220;12;12;0;0;0;18.65385;13.94;40;2.615385;0;0;1;0;1;1;0;0;0
11809;0;1;0;0;1;38;16;0;0;0;1;0;0;0;1;0;0;0;1;0;0;0;50;58;54;44;59;48;54.90222;74;175;242;12;12;1;1;0;15.15385;21.87;40;2.134615;0;0;1;0;1;0;0;0;1
3588;0;1;0;0;1;40;18;0;0;0;1;0;0;0;0;1;0;0;0;0;0;1;66;35;60;56;55;54;47.26888;71;160;185;12;16;2;1;0;14.42308;27.24;40;1.519231;0;0;1;0;1;0;0;1;0
5222;0;1;0;1;0;39;16;0;0;0;0;0;1;0;0;1;0;0;0;1;0;0;52;50;50;53;52;31;51.90341;70;190;220;11;3;4;0;0;15.28846;14.24;54;0.7692308;0;0;1;0;0;0;0;0;1
1916;0;1;0;0;1;39;19;0;0;0;1;0;0;0;0;1;0;0;1;0;0;0;58;54;57;44;52;56;53.53913;72;150;175;16;16;2;1;0;12.40385;33.92;40;ноя.25;1;1;0;0;1;0;0;1;0
2033;0;1;0;0;1;39;12;0;0;0;0;0;1;0;0;1;0;0;1;0;0;0;52;59;50;56;62;62;57.62842;72;165;210;12;12;1;0;0;20.42308;55;50;14.53846;0;0;1;0;1;0;0;0;1
11889;0;1;0;0;1;38;17;0;0;0;1;0;0;0;0;1;0;0;0;0;0;1;48;54;55;50;48;54;54.6296;72;145;175;15;14;2;1;0;16.05769;16.25;42;4.692307;0;0;1;0;0;0;1;0;0
3581;0;1;0;0;1;44;16;0;0;0;1;0;0;0;0;1;0;0;1;0;0;0;60;49;59;56;60;56;54.6296;75;185;190;12;12;3;1;1;20.86539;37.5;50;9.134615;0;0;1;0;1;0;0;0;1
198;0;1;0;0;1;39;18;0;0;0;1;0;0;0;0;1;0;0;1;0;0;0;58;57;51;44;62;57;53.53913;70;155;185;16;17;1;1;0;16.32692;34.02;52;19.78846;0;0;1;0;1;0;0;1;0
4907;0;1;0;0;1;42;20;1;0;0;0;0;0;0;0;1;0;0;0;0;0;1;68;61;60;56;61;57;61.44509;72;185;210;12;14;1;1;0;1.307692;127.9;10;1.307692;0;0;0;0;1;0;0;0;1
562;0;1;0;0;1;40;20;0;0;1;0;0;0;0;0;1;0;0;1;0;0;0;48;54;54;53;56;47;55.17484;69;163;168;12;13;1;1;0;14.92308;17.34;54;4.923077;0;1;0;0;1;0;1;0;0
3479;0;1;0;0;1;38;12;0;0;0;0;0;1;0;0;1;0;0;1;0;0;0;46;49;46;35;47;44;45.36054;72;180;195;12;12;2;1;0;19.96154;25.май;45;6.980769;1;0;1;0;0;0;1;0;0
5263;0;1;0;0;1;45;14;0;0;0;0;0;1;0;0;1;0;0;0;1;0;0;52;55;55;59;52;44;57.62842;70;165;197;12;11;2;0;0;23.03846;окт.68;45;2.153846;0;0;1;0;1;0;0;1;0
5291;0;1;0;0;1;39;12;0;0;0;0;0;1;0;0;1;0;0;1;0;0;0;40;43;37;29;41;28;37.99981;67;180;210;12;14;3;1;1;19.90385;16.16;40;18.92308;1;0;1;0;0;0;1;0;0
4129;0;1;0;0;1;39;14;0;0;0;0;1;0;0;0;1;0;0;1;0;0;0;50;57;51;50;50;54;55.17484;67;143;175;6;6;4;1;0;15.55769;14.21;40;3.461539;0;0;1;0;0;0;0;0;1
12106;0;1;0;0;1;38;18;0;0;0;1;0;0;0;1;0;0;0;0;0;0;1;58;51;54;56;54;57;54.35698;71;160;180;13;16;3;1;0;9.673077;31.25;40;4.826923;0;0;1;0;1;0;0;1;0
11972;0;1;0;1;0;40;20;0;0;1;0;0;0;0;0;1;0;0;0;1;0;0;36;45;50;47;51;47;47.5415;67;135;160;12;15;2;1;0;13.44231;40;50;5.461538;0;1;0;0;1;0;0;0;1
4765;0;1;0;0;1;38;12;0;0;0;0;0;1;0;0;0;1;0;1;0;0;0;58;55;52;53;41;41;55.17484;73;180;198;12;12;3;1;0;13.42308;19.апр;53;3.846154;0;0;1;0;1;0;1;0;0
445;0;1;0;0;1;37;16;0;0;0;1;0;0;0;1;0;0;0;1;0;0;0;60;53;57;59;54;56;57.08318;74;185;257;14;16;1;1;0;13.34615;20.97;55;1.692308;0;0;1;0;0;1;0;0;0
1591;0;1;0;0;1;39;12;0;0;0;0;0;1;0;0;1;0;1;0;0;0;0;48;47;47;44;44;52;46.99625;69;180;200;11;11;3;0;0;17.53846;июл.54;40;2.538461;0;0;1;0;0;0;0;1;0
3141;0;1;0;0;1;40;16;0;0;0;1;0;0;0;1;0;0;0;1;0;0;0;62;65;61;59;62;61;64.71653;74;200;225;12;14;2;1;0;14.30769;33.65;40;2.230769;0;0;1;0;1;1;0;0;0
4348;0;1;0;0;1;38;14;0;0;0;0;0;0;1;0;1;0;1;0;0;0;0;58;57;50;47;44;44;54.08437;71;140;170;13;12;1;1;0;14.05769;22;40;0.0192308;0;0;1;0;0;0;0;1;0
12068;0;1;0;1;0;39;16;0;0;0;1;0;0;0;1;0;0;0;1;0;0;0;64;55;60;59;48;45;58.99152;68;185;230;20;20;2;1;0;17.69231;18.июн;40;16.03846;1;1;0;0;1;0;0;1;0
2767;0;1;0;0;1;38;14;0;0;0;0;1;0;0;0;1;0;0;0;0;0;1;46;32;33;44;37;41;35.001;63;110;140;9;10;2;0;1;15.23077;15.38;40;11.09615;0;1;0;0;0;0;0;0;1
2005;0;1;0;0;1;38;16;0;0;0;1;0;0;0;0;1;0;0;1;0;0;0;64;58;59;53;59;35;58.7189;71;180;200;12;16;2;1;0;12.92308;26.51;50;4.269231;0;0;1;0;1;0;1;0;0
5377;0;1;0;0;1;41;14;0;0;0;0;1;0;0;0;0;1;0;0;1;0;0;56;62;60;62;57;50;63.62605;71;177;240;12;12;4;1;0;20.36539;16.88;41;11.86539;0;0;1;0;0;0;1;0;0
4448;0;1;0;0;1;38;16;0;0;0;1;0;0;0;0;1;0;0;1;0;0;0;60;55;59;59;50;50;58.7189;71;158;200;12;10;1;1;0;11.78846;32.05;42;05.май;0;0;1;0;1;0;0;1;0
87;0;1;1;0;0;39;12;0;0;0;0;0;1;0;1;0;0;0;1;0;0;0;38;38;22;32;25;41;32.00218;68;170;159;11;12;7;1;0;18.25;08.май;40;3.326923;0;0;1;0;1;1;0;0;0
213;0;1;0;0;1;39;16;0;0;0;1;0;0;0;1;0;0;0;0;1;0;0;58;65;60;62;62;55;65.26176;72;155;164;12;16;3;1;;16.80769;19.68;42;0.8846154;0;1;0;0;1;1;0;0;0
3942;0;1;1;0;0;44;11;0;0;0;0;0;0;1;1;0;0;0;1;0;0;0;40;39;28;32;26;41;34.18314;74;180;175;12;6;7;1;1;6.730769;июн.15;20;0.25;0;0;1;0;1;0;0;0;1
85;0;1;1;0;0;43;11;0;0;0;0;0;0;1;1;0;0;1;0;0;0;0;30;34;22;32;20;25;29.82122;64;139;165;11;11;7;1;0;9.153846;авг.75;40;3.730769;0;0;1;0;1;1;0;0;0
2816;0;1;0;0;1;41;12;0;0;0;0;0;1;0;1;0;0;0;0;0;0;1;38;36;44;32;50;52;36.90933;73;194;188;7;12;0;0;0;19.84615;26.22;44;17.78846;1;0;1;0;0;0;0;0;1
1386;0;1;1;0;0;41;12;0;0;0;0;0;1;0;0;1;0;0;1;0;0;0;40;39;43;44;52;42;41.54387;68;155;175;14;12;4;1;1;9.615385;15.75;47;8.980769;0;0;1;0;0;0;0;0;1
2463;0;1;0;0;1;44;15;0;0;0;0;0;1;0;0;1;0;0;0;0;0;1;68;64;61;62;62;65;64.98915;69;160;160;14;12;4;1;0;20.75;сен.61;60;1.923077;0;0;1;0;0;0;1;0;0
1556;0;1;0;0;1;39;12;0;0;0;0;0;1;0;0;1;0;0;0;1;0;0;52;61;46;56;53;56;57.62842;74;185;175;12;14;4;1;0;20.86539;16;40;1.942308;0;0;1;0;0;0;0;1;0
2466;0;1;0;0;1;40;10;0;0;0;0;0;0;1;0;0;1;0;0;0;0;1;34;43;34;38;52;51;39.63553;74;180;175;12;12;5;1;0;16.80769;8;50;3.230769;0;0;1;0;1;0;1;0;0
1790;0;1;0;0;1;41;12;0;0;0;0;0;1;0;0;1;0;1;0;0;0;0;64;53;60;59;42;54;57.90104;70;155;220;13;15;1;1;0;21.57692;14.сен;40;6.057693;0;1;0;0;0;0;0;0;1
2024;0;1;0;0;1;42;15;0;0;0;1;0;0;0;0;0;1;0;1;0;0;0;64;65;59;59;57;56;64.17129;71;190;220;17;20;1;1;0;17.84615;17.фев;40;1.461538;1;0;1;0;1;0;1;0;0
3533;0;1;0;0;1;44;14;0;0;0;0;0;1;0;0;1;0;0;0;1;0;0;66;61;56;59;62;64;61.17247;71;212;235;12;12;1;0;0;21.23077;41.02;45;0.6730769;0;0;1;0;1;0;1;0;0
11888;0;1;0;0;1;40;12;0;0;0;0;0;1;0;0;0;1;0;1;0;0;0;46;45;52;47;48;43;48.08673;71;155;215;14;14;2;1;0;22.36539;13.апр;48;6.480769;0;0;1;0;1;0;0;1;0
1011;0;1;0;0;1;39;12;0;0;0;0;0;1;0;0;1;0;0;0;1;0;0;50;57;41;32;54;45;47.5415;70;140;195;12;12;0;1;0;20.94231;18.25;40;11.32692;0;0;1;0;1;0;1;0;0
2386;0;1;0;1;0;40;15;0;0;0;0;0;1;0;0;0;1;0;0;1;0;0;52;64;42;53;62;65;57.3558;64;150;185;12;11;2;1;0;20.55769;24.61;50;13.21154;1;0;1;0;1;0;0;1;0
956;0;1;0;0;1;38;13;0;0;0;0;0;1;0;0;1;0;0;1;0;0;0;56;45;48;56;61;54;49.44983;73;165;195;12;12;2;1;0;19.30769;14;40;9.711538;0;0;1;0;1;0;1;0;0
2649;0;1;0;1;0;41;18;0;0;0;1;0;0;0;1;0;0;0;0;1;0;0;68;64;60;62;48;38;64.71653;75;271;280;4;14;8;1;1;10.65385;15.38;40;6.730769;1;1;0;0;1;0;0;0;1
4008;0;1;1;0;0;44;13;0;0;0;0;0;1;0;1;0;0;0;1;0;0;0;38;40;39;32;31;48;37.72719;68;155;190;16;16;2;1;0;21.98077;22.75;55;6.326923;1;0;1;0;1;0;0;0;1
1169;0;1;0;0;1;43;12;0;0;0;0;0;1;0;0;1;0;0;1;0;0;0;60;57;57;50;41;45;56.81056;71;155;200;12;14;3;1;0;22;23.33;30;0.7692308;0;0;1;0;0;0;0;0;1
18;0;1;0;0;1;44;13;0;0;0;0;0;1;0;0;0;1;0;0;0;0;1;62;66;61;59;62;59;65.26176;66;155;170;12;16;2;1;0;22.07692;113.96;27;15.92308;0;0;1;0;1;0;0;1;0
5666;0;1;0;0;1;43;16;0;0;0;1;0;0;0;0;1;0;0;1;0;0;0;54;59;54;59;58;57;59.53675;76;200;200;12;14;2;1;0;21.32692;27.21;47;18.82692;0;0;1;0;0;0;0;0;1
4635;0;1;0;0;1;40;17;0;0;0;1;0;0;0;0;1;0;0;1;0;0;0;58;64;57;59;52;42;63.08081;73;165;240;12;14;3;1;0;10.01923;31.25;40;0.1538462;0;0;1;0;1;0;0;1;0
5580;0;1;0;0;1;38;12;0;0;0;0;0;0;1;0;0;1;0;0;1;0;0;50;42;47;47;38;38;45.08792;67;155;160;10;12;3;0;0;19.34615;15;40;6.461538;0;0;1;0;0;0;0;0;1
12100;0;1;0;0;1;40;12;0;0;0;0;0;1;0;0;1;0;0;1;0;0;0;52;57;47;50;56;56;54.08437;71;170;185;8;16;3;1;0;21.03846;16.62;40;3.288461;0;1;0;0;1;0;0;1;0
2776;0;1;0;0;1;40;14;0;0;0;0;1;0;0;0;1;0;0;1;0;0;0;68;58;59;59;41;47;60.35461;76;202;230;5;8;5;0;0;13.80769;13.73;42;9.403846;0;1;0;0;0;0;0;0;1
1663;0;1;0;1;0;38;12;0;0;0;0;1;0;0;0;0;1;0;0;1;0;0;54;43;46;41;41;41;43.72482;68;153;178;12;12;7;1;0;5.711538;22;60;1.153846;0;0;1;0;1;0;0;1;0
1627;0;1;0;0;1;38;12;0;0;0;0;0;1;0;0;0;1;0;0;1;0;0;54;46;44;47;39;38;46.45102;73;165;165;16;14;3;1;0;13.86539;авг.88;32;1.653846;0;0;1;0;0;0;0;1;0
253;0;1;0;0;1;37;11;0;0;0;0;0;0;1;1;0;0;0;0;1;0;0;42;46;46;26;35;41;41.27124;66;175;172;8;12;2;1;0;12.55769;сен.65;40;8.038462;1;0;1;0;1;1;0;0;0
819;0;1;0;0;1;40;14;0;0;0;0;1;0;0;0;1;0;0;0;0;1;0;44;38;43;44;52;44;40.99863;64;145;160;12;12;1;0;0;18.96154;20;40;7.519231;1;0;1;0;1;0;1;0;0
2762;0;1;1;0;0;42;12;0;0;0;0;0;1;0;0;1;0;0;1;0;0;0;30;42;29;35;30;23;36.90933;66;190;250;10;12;4;1;0;22.07692;5;40;11.07692;0;0;1;0;0;0;0;0;1
2800;0;1;0;0;1;40;18;0;0;1;0;0;0;0;0;0;1;0;1;0;0;0;64;65;61;59;51;64;64.71653;71;170;250;12;12;1;1;0;11.86539;50.16;46;2.807692;0;0;1;0;1;0;1;0;0
11937;0;1;1;0;0;41;20;0;0;1;0;0;0;0;0;1;0;0;1;0;0;0;34;42;38;35;51;29;39.36291;73;185;258;12;12;2;1;0;11.88461;16.99;43;7.942307;1;1;0;0;0;0;0;0;1
3540;0;1;1;0;0;41;11;0;0;0;0;0;0;1;1;0;0;0;1;0;0;0;40;40;54;47;40;41;45.90578;71;167;200;11;16;3;1;0;16.75;12.фев;40;2.365385;1;0;1;0;1;0;1;0;0
2222;0;1;0;0;1;43;16;0;0;0;1;0;0;0;0;1;0;0;1;0;0;0;68;66;60;59;62;54;64.98915;67;140;193;12;18;2;0;0;18.73077;15.71;44;11.38461;0;1;0;0;1;0;0;0;1
4181;0;1;1;0;0;39;11;0;0;0;0;0;1;0;1;0;0;0;1;0;0;0;40;45;46;44;48;42;45.63316;72;197;210;12;12;7;0;1;14.51923;9;40;0.0961538;0;0;1;0;1;0;0;0;1
3202;0;1;0;0;1;43;12;0;0;0;0;0;1;0;0;0;1;0;1;0;0;0;52;43;54;50;46;32;48.35935;70;180;220;10;8;4;0;0;21.67308;14.25;40;1;0;0;1;0;1;1;0;0;0
3569;0;1;0;0;1;38;12;0;0;0;0;0;1;0;0;1;0;0;0;0;0;1;44;35;44;47;46;59;40.45338;73;190;230;12;12;4;0;0;19.59615;15.июн;50;20.90385;0;0;1;0;0;0;1;0;0
1708;0;1;0;0;1;43;16;0;0;0;1;0;0;0;0;1;0;0;1;0;0;0;66;62;59;53;48;41;60.89985;72;175;230;17;20;3;1;0;16.92308;15.69;40;9.692307;1;1;0;0;1;0;0;1;0
4407;0;1;0;0;1;41;16;0;0;0;1;0;0;0;1;0;0;0;0;1;0;0;56;57;60;62;44;43;60.89985;71;155;165;16;16;3;1;0;18.46154;85.47;45;3.538461;0;0;1;0;1;0;0;1;0
1156;0;1;1;0;0;45;12;0;0;0;0;0;1;0;1;0;0;0;1;0;0;0;42;53;51;56;50;50;54.6296;73;230;230;12;14;1;1;0;19.75;окт.57;40;4.634615;1;0;1;0;1;0;0;0;1
4831;0;1;0;0;1;37;18;0;0;1;0;0;0;0;1;0;0;0;0;1;0;0;54;61;59;62;44;45;62.80819;70;140;150;13;16;4;0;0;13.28846;23.июл;40;1.115385;0;1;0;0;1;0;1;0;0
959;0;1;0;0;1;42;14;0;0;0;0;0;1;0;0;1;0;0;0;1;0;0;58;66;57;62;54;55;64.98915;74;180;190;15;16;3;0;0;18.96154;39.91;53;07.май;0;0;1;0;1;0;1;0;0
4884;0;1;0;0;1;44;12;0;0;0;0;0;1;0;0;1;0;0;0;1;0;0;62;64;59;50;61;56;61.17247;72;180;228;12;11;3;1;1;23.44231;14.июн;40;17.65385;1;1;0;0;1;0;1;0;0
1521;0;1;1;0;0;41;12;0;0;0;0;0;1;0;0;1;0;0;1;0;0;0;44;45;39;38;52;40;42.0891;68;185;225;12;10;6;1;0;11.53846;16;50;3.365385;0;1;0;0;0;0;0;0;1
630;0;1;0;0;1;38;8;0;0;0;0;0;0;1;0;1;0;0;0;0;0;1;32;36;33;35;32;29;34.72837;73;160;220;10;10;2;1;0;21.09615;11.ноя;45;0.2692308;0;0;1;0;1;0;1;0;0
39;0;1;0;0;1;43;12;0;0;0;0;0;1;0;0;1;0;0;1;0;0;0;50;47;46;47;52;31;47.5415;72;180;195;12;12;4;1;0;22.57692;28.84;50;17.55769;0;0;1;0;1;0;0;0;1
3170;0;1;0;0;1;41;19;1;0;0;0;0;0;0;0;1;0;0;0;0;1;0;64;66;61;62;62;63;66.07963;72;162;175;16;16;1;1;0;17;34.96;55;12.42308;0;0;1;0;1;1;0;0;0
776;0;1;0;0;1;41;17;0;0;0;1;0;0;0;0;1;0;0;1;0;0;0;66;64;60;59;62;57;63.89867;69;147;165;12;13;2;1;0;15.40385;59;44;2.288461;0;0;1;0;1;0;1;0;0
4609;0;1;0;0;1;41;20;0;0;1;0;0;0;0;0;1;0;0;1;0;0;0;60;64;56;59;62;64;62.80819;73;172;205;12;10;2;1;1;15.82692;72.11;40;мар.75;0;0;1;0;1;0;0;0;1
3353;0;1;0;0;1;41;12;0;0;0;0;0;1;0;1;0;0;0;1;0;0;0;38;43;38;38;40;38;40.72601;67;210;250;13;14;3;1;0;21.09615;18.85;40;6.865385;1;0;1;0;1;0;1;0;0
5323;0;1;0;0;1;41;10;0;0;0;0;0;0;1;1;0;0;0;1;0;0;0;46;38;33;41;28;41;37.45457;68;120;217;12;9;5;0;0;15.61539;13.май;40;05.май;0;0;1;0;0;0;1;0;0
1390;0;1;1;0;0;38;12;0;0;0;0;0;1;0;0;1;0;0;1;0;0;0;34;40;44;47;37;26;43.17958;74;191;280;12;12;3;1;;5.076923;21.ноя;45;2.653846;1;0;1;0;1;0;0;1;0
2787;0;1;0;0;1;38;12;0;0;0;0;0;1;0;0;0;1;0;1;0;0;0;52;66;54;56;44;45;62.53557;73;200;225;9;10;2;1;0;13.57692;11.май;40;май.75;0;1;0;0;1;0;0;0;1
1759;0;1;1;0;0;41;13;0;0;0;0;0;1;0;0;1;0;0;1;0;0;0;46;39;35;41;47;31;38.54505;66;131;160;12;11;1;1;1;17.36539;11;40;9.269231;1;0;1;0;1;0;0;1;0
4545;0;1;0;0;1;45;12;0;0;0;0;0;1;0;0;1;0;0;1;0;0;0;54;62;48;47;59;57;56.26532;74;180;200;12;12;4;1;0;23.19231;40.06;48;23.71154;0;0;1;0;1;0;0;1;0
917;0;1;0;0;1;43;12;0;0;0;0;0;1;0;1;0;0;0;0;1;0;0;48;39;50;50;47;54;45.08792;75;190;230;10;13;3;1;0;14;13.23;40;0.25;1;0;1;0;1;0;1;0;0
3894;0;1;0;0;1;40;18;0;0;1;0;0;0;0;0;1;0;0;1;0;0;0;62;62;61;62;57;53;63.89867;70;155;200;12;12;0;1;0;12.03846;35;40;0.1538462;0;0;1;0;1;0;0;0;1
3845;0;1;0;0;1;42;12;0;0;0;0;0;1;0;0;0;1;0;1;0;0;0;54;46;57;56;51;46;52.44865;69;145;200;12;12;4;1;0;17.05769;10;40;5.173077;1;0;1;0;1;0;1;0;0
5691;0;1;0;0;1;43;11;0;0;0;0;0;0;1;0;0;1;0;1;0;0;0;54;43;59;50;38;44;49.72245;65;150;175;9;6;2;1;0;17.05769;9;50;1.596154;0;0;1;0;0;0;0;0;1
3127;0;1;0;0;1;40;12;0;0;0;0;0;1;0;0;1;0;0;1;0;0;0;32;42;35;44;33;38;40.99863;72;195;217;12;12;5;1;0;21.11539;9;40;1.288462;0;0;1;0;1;1;0;0;0
3830;0;1;0;0;1;38;12;0;0;0;0;0;1;0;0;1;0;0;1;0;0;0;50;49;51;38;43;48;47.5415;71;140;195;11;12;3;1;0;18.26923;16.май;52;3.038461;0;0;1;0;1;0;0;0;1
4518;0;1;0;0;1;37;15;0;0;0;1;0;0;0;0;1;0;0;0;1;0;0;36;39;44;47;46;49;42.63434;75;180;170;12;12;2;1;0;11.55769;30.34;40;12.48077;1;1;0;0;1;0;0;1;0
2516;0;1;0;0;1;40;12;0;0;0;0;1;0;0;0;1;0;0;1;0;0;0;60;59;50;53;52;56;56.81056;71;210;230;12;12;3;1;;22.42308;17.мар;40;3.173077;0;0;1;0;0;0;1;0;0
4979;0;1;0;1;0;37;12;0;0;0;0;0;1;0;0;1;0;0;0;1;0;0;52;45;54;59;57;47;51.90341;67;140;205;12;12;2;1;1;18.30769;дек.82;60;2.038461;0;0;1;0;1;0;0;0;1
5358;0;1;0;0;1;39;14;0;0;0;0;0;1;0;0;0;1;0;1;0;0;0;60;51;56;59;50;47;55.72008;75;230;215;12;12;1;1;0;19.98077;29.июн;40;1;0;0;1;0;1;0;0;1;0
2051;0;1;0;0;1;38;11;0;0;0;0;0;0;1;0;1;0;0;1;0;0;0;36;38;37;29;42;42;35.27361;66;150;150;12;7;3;1;1;18.69231;7;40;1.692308;0;0;1;0;1;0;0;0;1
718;0;1;0;0;1;43;12;0;0;0;0;0;1;0;0;0;1;0;1;0;0;0;50;55;59;53;59;48;57.08318;67;185;200;12;12;2;1;0;20.11539;13;50;0.5769231;0;0;1;0;0;0;1;0;0
480;0;1;0;0;1;44;18;0;0;1;0;0;0;0;0;1;0;0;1;0;0;0;54;53;54;56;51;44;55.44746;70;205;200;12;12;2;1;0;18.73077;22.ноя;40;26.11539;1;1;0;0;1;0;1;0;0
2194;0;1;0;0;1;38;9;0;0;0;0;0;0;1;0;1;0;0;1;0;0;0;44;42;35;38;38;39;39.36291;69;130;138;6;6;2;1;0;20.май;14;40;0.0192308;0;0;1;0;2;0;0;0;1
4327;0;1;0;0;1;37;12;0;0;0;0;0;1;0;0;1;0;0;1;0;0;0;58;62;52;47;57;57;57.3558;70;145;175;12;12;4;1;0;ноя.75;13.май;40;6.980769;0;0;1;0;1;0;1;0;0
2163;0;1;0;0;1;44;14;0;0;0;0;1;0;0;0;1;0;0;0;1;0;0;44;42;54;47;48;50;46.99625;69;195;210;12;10;0;0;0;20.65385;08.май;40;0.0961538;1;1;0;0;2;0;0;0;1
4586;0;1;0;0;1;37;12;0;0;0;0;0;1;0;0;1;0;0;1;0;0;0;56;65;54;50;53;43;60.35461;72;155;235;13;8;2;1;1;17.44231;26.май;37;2.326923;0;0;1;0;1;0;0;1;0
248;0;1;0;0;1;41;12;0;0;0;0;0;1;0;0;0;1;1;0;0;0;0;44;36;41;38;37;35;37.72719;72;160;190;16;8;4;1;1;13.67308;8;50;0.5576923;0;0;1;0;1;1;0;0;0
4000;0;1;0;0;1;44;7;0;0;0;0;0;0;1;0;1;0;0;1;0;0;0;42;42;48;47;42;50;45.36054;72;145;170;10;12;4;1;0;23.40385;14;50;1.461538;0;0;1;0;0;0;0;0;1
1917;0;1;0;0;1;40;12;0;0;0;0;0;1;0;0;1;0;0;1;0;0;0;42;53;28;44;31;40;45.08792;68;170;212;12;12;1;1;0;21.82692;18.34;40;9.480769;0;1;0;0;2;1;0;0;0
3887;0;1;0;0;1;40;20;1;0;0;0;0;0;0;0;1;0;0;1;0;0;0;68;66;61;62;62;60;66.07963;75;205;280;14;17;2;1;0;10.86539;109.61;50;0.0384615;1;0;1;0;0;0;1;0;0
1784;0;1;0;0;1;38;15;0;0;0;0;1;0;0;0;1;0;0;0;0;0;1;64;57;60;53;42;43;58.44628;68;145;240;12;15;1;1;0;10.90385;39.53;40;1.903846;0;0;1;0;1;0;0;1;0
3570;0;1;0;0;1;41;9;0;0;0;0;0;0;1;0;1;0;0;1;0;0;0;42;38;33;29;52;45;34.18314;73;170;210;9;9;4;0;0;20.44231;17.дек;45;10.96154;0;0;1;0;0;0;1;0;0
973;0;1;0;0;1;39;12;0;0;0;0;0;1;0;1;0;0;0;1;0;0;0;60;57;50;50;58;57;54.90222;69;170;178;12;12;2;1;0;20.92308;16.34;40;14;0;0;1;0;1;0;1;0;0
2089;0;1;0;0;1;39;12;0;0;0;0;0;1;0;0;0;1;0;0;1;0;0;40;38;41;41;53;46;39.63553;74;150;165;12;12;6;1;0;20.17308;15;40;18.11539;0;0;1;0;1;0;1;0;0
3425;0;1;0;0;1;38;13;0;0;0;0;0;1;0;1;0;0;0;1;0;0;0;62;61;56;50;55;52;58.7189;70;185;205;13;12;4;1;1;18.51923;34.15;40;8.634615;1;0;1;0;1;0;1;0;0
3219;0;1;0;0;1;41;14;0;0;0;0;1;0;0;0;1;0;0;0;1;0;0;56;58;51;50;42;47;55.72008;72;195;180;12;16;5;1;0;20.51923;23.июл;50;20.38461;0;0;1;0;1;1;0;0;0
638;0;1;0;0;1;41;13;0;0;0;0;0;1;0;0;1;0;0;0;0;0;1;54;50;51;53;62;61;52.17603;65;120;138;12;15;1;0;0;23.42308;26.74;40;21.01923;0;0;1;0;0;0;1;0;0
4877;0;1;0;0;1;44;16;0;0;0;1;0;0;0;0;1;0;0;0;1;0;0;60;64;61;59;62;58;64.17129;65;132;158;14;16;2;1;0;16;16.28;45;9.423077;0;0;0;1;1;0;1;0;0
2861;0;1;0;0;1;39;17;0;0;1;0;0;0;0;0;1;0;0;0;0;0;1;68;66;61;59;62;57;65.26176;69;162;190;14;15;1;1;0;15.май;39.86;55;15.05769;0;0;1;0;1;1;0;0;0
1802;0;1;0;0;1;38;12;0;0;0;0;0;1;0;0;0;1;0;0;1;0;0;66;61;52;50;53;42;57.62842;74;170;220;12;16;5;1;0;17.65385;13;40;1.980769;0;0;1;0;1;0;0;1;0
2157;0;1;0;0;1;44;12;0;0;0;0;0;1;0;0;1;0;0;1;0;0;0;58;39;56;56;59;48;48.35935;76;188;228;11;6;4;1;0;21.03846;12;40;фев.25;0;0;1;0;0;0;0;0;1
4514;0;1;0;0;1;44;15;0;0;0;1;0;0;0;0;1;0;0;1;0;0;0;60;64;57;62;61;54;63.89867;74;210;255;11;14;1;1;0;10.76923;44.07;48;06.май;0;0;1;0;1;0;0;1;0
613;0;1;0;0;1;39;12;0;0;0;0;0;1;0;0;1;0;1;0;0;0;0;48;50;43;41;40;44;46.72364;69;145;165;16;12;1;1;0;21.42308;21;55;16.09615;0;0;1;0;1;0;1;0;0
5329;0;1;0;0;1;40;13;0;0;0;0;0;1;0;0;1;0;0;0;1;0;0;48;42;43;47;38;29;43.99744;67;180;222;12;12;4;1;0;21.65385;14.авг;59;5.903846;0;0;1;0;0;0;1;0;0
2187;0;1;0;0;1;40;13;0;0;0;0;0;1;0;0;0;1;0;1;0;0;0;52;46;52;41;46;50;46.99625;68;230;230;12;14;1;1;0;21.69231;30;50;18.21154;0;0;1;0;0;0;0;0;1
2694;0;1;0;1;0;43;15;0;0;0;1;0;0;0;1;0;0;0;1;0;0;0;56;53;56;56;55;63;55.9927;64;135;145;6;6;7;1;0;20.61539;8;18;0.8076923;0;0;1;0;1;0;0;0;1
4088;0;1;0;0;1;45;13;0;0;0;0;0;1;0;0;1;0;0;1;0;0;0;58;57;57;62;52;50;60.082;70;180;187;15;14;1;1;0;23.44231;110.57;40;24.61539;0;0;0;1;0;0;0;0;1
73;0;1;0;0;1;38;18;0;0;0;1;0;0;0;1;0;0;0;1;0;0;0;60;50;60;56;52;54;55.44746;70;175;200;16;16;2;1;0;11.17308;57.69;50;1.692308;0;0;1;0;1;1;0;0;0
12056;0;1;0;0;1;42;15;0;0;0;0;0;1;0;0;1;0;0;0;0;0;1;62;61;59;56;46;48;61.17247;76;250;270;16;14;2;1;0;12.96154;02.май;60;10.98077;0;0;0;1;1;0;0;0;1
4329;0;1;0;0;1;43;12;0;0;0;0;0;1;0;0;1;0;0;1;0;0;0;58;59;56;59;44;48;60.082;71;200;205;12;12;2;1;0;22.96154;27.авг;40;18.09615;0;1;0;0;1;0;0;1;0
796;0;1;0;0;1;41;16;0;0;0;1;0;0;0;0;1;0;0;1;0;0;0;68;64;61;62;57;60;64.98915;67;180;191;11;12;2;1;0;19.78846;27.88;40;12.96154;0;0;1;0;1;0;1;0;0
235;0;1;0;0;1;39;15;0;0;0;0;1;0;0;0;1;0;0;1;0;0;0;56;55;50;47;54;53;52.99389;68;178;174;12;12;3;1;0;18.17308;33.65;40;14.11539;1;1;0;0;0;1;0;0;0
1081;0;1;0;0;1;40;14;0;0;0;0;1;0;0;1;0;0;1;0;0;0;0;58;51;55;59;48;43;55.44746;69;155;230;16;16;3;1;0;18.28846;15;45;1.403846;0;0;1;0;1;0;0;0;1
281;0;1;0;0;1;40;18;0;0;1;0;0;0;0;0;1;0;0;0;1;0;0;60;65;54;50;62;51;60.35461;75;195;190;13;13;3;1;0;15.42308;36.85;48;12.80769;0;0;1;0;1;1;0;0;0
12045;0;1;0;0;1;44;20;0;0;1;0;0;0;0;0;1;0;0;1;0;0;0;64;65;61;56;61;65;63.89867;68;170;200;16;18;1;1;0;16.88461;18.38;40;15.92308;0;1;0;0;1;0;0;0;1
5519;0;1;0;0;1;39;8;0;0;0;0;0;0;1;0;0;1;0;1;0;0;0;24;31;25;35;27;28;29.82122;62;154;185;8;10;5;0;0;17.38461;8;40;6.596154;0;1;0;0;0;0;0;0;1
3213;0;1;0;0;1;39;12;0;0;0;0;0;1;0;0;1;0;0;1;0;0;0;54;45;55;59;44;43;52.17603;69;168;210;12;12;6;1;0;14.38461;18.71;40;0.7115384;0;1;0;0;1;1;0;0;0
4888;0;1;0;0;1;41;12;0;0;0;0;0;1;0;0;1;0;0;1;0;0;0;56;51;60;47;43;48;53.53913;73;195;205;13;13;5;0;0;23.36539;16.23;45;5.711538;0;0;1;0;0;0;1;0;0
12122;0;1;0;0;1;45;8;0;0;0;0;0;0;1;0;1;0;0;1;0;0;0;46;45;42;41;43;44;43.72482;70;163;165;6;10;9;1;0;22.55769;24.73;40;7.192307;0;0;1;0;0;0;0;0;1
3757;0;1;0;0;1;39;18;0;0;1;0;0;0;0;0;1;0;0;1;0;0;0;66;65;60;59;62;65;64.44391;66;165;180;12;18;1;1;0;15.05769;27.69;50;15.40385;0;0;1;0;0;0;1;0;0
1952;0;1;0;0;1;38;17;0;0;0;1;0;0;0;0;0;1;0;0;1;0;0;56;47;48;44;52;48;47.26888;69;183;190;12;15;2;1;0;13.61539;61.53;50;3.596154;0;0;1;0;1;0;0;0;1
5296;0;1;0;0;1;42;12;0;0;0;0;0;1;0;0;0;1;0;0;1;0;0;66;61;59;56;37;44;61.17247;62;174;245;12;12;5;0;0;12.32692;сен.35;40;1.192308;1;0;1;0;0;0;1;0;0
929;0;1;0;0;1;37;12;0;0;0;0;0;1;0;1;0;0;0;1;0;0;0;58;54;52;59;49;42;56.26532;73;180;210;12;12;2;1;0;17.51923;08.янв;58;7.403846;0;0;1;0;1;0;1;0;0
1257;0;1;0;0;1;38;12;0;0;0;0;0;0;0;0;0;1;0;1;0;0;0;48;47;42;38;35;38;43.99744;77;164;220;12;12;1;1;0;15.80769;сен.31;35;2.057692;0;0;1;0;0;0;0;0;1
797;0;1;0;0;1;40;12;0;0;0;0;0;1;0;0;1;0;0;1;0;0;0;54;51;57;56;62;34;55.17484;73;240;260;11;12;2;1;0;19.36539;25.сен;40;2.019231;1;0;1;0;1;0;1;0;0
4569;0;1;0;0;1;41;12;0;0;0;0;0;1;0;0;0;1;0;0;1;0;0;54;55;56;59;62;62;57.90104;71;197;235;12;11;10;1;1;22.86539;22.авг;57;10.84615;0;0;1;0;1;0;0;1;0
2335;0;1;0;0;1;45;13;0;0;0;0;0;1;0;0;0;1;0;1;0;0;0;54;61;57;62;62;63;62.26295;74;150;165;12;10;1;1;;22.07692;21.36;45;8.019231;0;0;1;0;1;0;0;0;1
4128;0;1;0;0;1;43;12;0;0;0;0;0;1;0;0;1;0;0;1;0;0;0;58;57;56;53;53;37;57.3558;66;135;145;12;16;3;1;0;22.11539;14.23;50;3.961539;0;0;1;0;1;0;1;0;0
412;0;1;0;0;1;37;14;0;0;0;0;1;0;0;0;1;0;0;1;0;0;0;54;57;55;50;50;45;56.26532;72;188;220;11;12;2;1;0;10.94231;15.62;40;3.134615;1;1;0;0;0;1;0;0;0
3598;0;1;0;0;1;43;12;0;0;0;0;0;1;0;0;1;0;0;0;1;0;0;46;39;48;35;49;46;40.45338;72;190;216;12;12;1;1;0;23.21154;19.36;40;4.634615;1;0;1;0;0;0;1;0;0
3455;0;1;0;0;1;42;12;0;0;0;0;0;1;0;0;1;0;0;0;1;0;0;54;58;55;53;50;47;57.62842;70;160;160;14;12;4;1;0;22.61539;21;40;18.67308;1;0;1;0;0;0;1;0;0
5097;0;1;0;0;1;40;12;0;0;0;0;0;1;0;0;1;0;0;1;0;0;0;46;50;42;50;52;57;48.90459;66;157;180;12;12;1;1;0;21;48.84;50;5.346154;0;0;1;0;1;0;0;0;1
1353;0;1;0;0;1;38;12;0;0;0;0;1;0;0;0;0;1;0;1;0;0;0;46;43;54;50;48;54;48.35935;70;165;175;12;12;1;0;0;19.88461;авг.23;40;13.57692;0;1;0;0;0;0;0;0;1
5579;0;1;0;0;1;40;12;0;0;0;0;0;1;0;0;1;0;0;1;0;0;0;44;54;44;56;60;49;53.26651;72;245;280;10;12;3;0;0;22.28846;41.25;40;7.692307;0;0;1;0;1;0;0;0;1
4883;0;1;0;0;1;44;13;0;0;0;0;0;1;0;0;0;1;0;0;1;0;0;52;59;48;53;62;60;56.26532;67;150;175;12;12;6;1;0;18.88461;дек.98;40;окт.75;0;1;0;0;1;0;0;0;1
3620;0;1;0;0;1;40;12;0;0;0;0;0;1;0;0;1;0;0;1;0;0;0;58;54;51;47;51;38;52.72127;75;225;268;12;10;2;1;0;18.84615;14.42;40;5.519231;0;0;1;0;0;0;1;0;0
644;0;1;0;0;1;44;20;1;0;0;0;0;0;0;0;1;0;0;1;0;0;0;64;58;61;59;53;48;60.89985;72;175;184;12;14;2;1;0;14.15385;54.48;60;4.538462;1;0;1;0;1;0;0;1;0
3553;0;1;0;0;1;39;12;0;0;0;0;0;1;0;0;1;0;0;0;1;0;0;52;65;47;59;60;57;60.89985;70;150;160;11;9;8;0;0;20.67308;22;40;2.538461;0;0;1;0;1;0;1;0;0
4902;0;1;0;0;1;44;12;0;0;0;0;0;1;0;0;1;0;0;1;0;0;0;54;45;50;53;49;48;49.17721;72;205;195;8;12;1;0;0;18.78846;дек.32;40;11.03846;0;0;1;0;0;0;0;0;1
3159;0;1;0;0;1;41;15;0;1;0;0;0;0;0;0;1;0;0;0;1;0;0;58;58;57;53;62;53;58.17366;70;165;200;14;20;2;1;0;16.23077;17.май;40;4.269231;0;0;1;0;2;0;0;1;0
2138;0;1;0;0;1;40;12;0;0;0;0;0;1;0;0;1;0;0;0;0;0;1;42;47;59;53;52;48;52.72127;74;180;230;12;16;5;1;1;20.46154;21.53;50;0.1346154;0;1;0;0;1;0;0;0;1
3615;0;1;0;0;1;40;12;0;0;0;0;0;1;0;0;1;0;0;1;0;0;0;64;53;61;59;53;52;58.17366;67;145;174;13;12;4;1;0;21.96154;14;40;11.65385;0;0;1;0;1;0;1;0;0
3999;0;1;0;0;1;38;11;0;0;0;0;0;1;0;0;0;1;0;1;0;0;0;46;47;47;32;48;39;43.72482;74;200;265;10;12;4;1;0;20.73077;09.май;40;0.5961539;0;0;1;0;1;1;0;0;0
5244;0;1;0;1;0;41;16;0;0;0;1;0;0;0;0;1;0;0;0;1;0;0;58;47;50;53;49;50;50.26769;72;210;260;3;3;6;1;0;15.92308;24.64;40;15.15385;1;0;1;0;1;0;0;1;0
5067;0;1;0;0;1;39;16;0;0;0;0;0;1;0;0;0;1;0;1;0;0;0;46;57;44;59;62;54;55.72008;72;190;187;12;14;2;1;;16.90385;44.71;40;16.05769;0;0;1;0;0;0;0;0;1
1468;0;1;0;0;1;44;12;0;0;0;0;0;1;0;0;0;1;0;1;0;0;0;56;46;52;56;52;32;51.08555;70;130;140;12;7;3;1;0;21.63461;18.мар;40;3.057692;1;0;1;0;1;0;0;0;1
2107;0;1;0;0;1;40;14;0;0;0;0;1;0;0;0;1;0;0;1;0;0;0;50;64;52;53;62;58;60.082;71;230;238;12;12;1;0;0;19.13461;18.янв;40;18.51923;1;1;0;0;1;0;1;0;0
1042;0;1;0;0;1;40;12;0;0;0;0;0;1;0;1;0;0;0;1;0;0;0;52;46;48;41;52;46;45.90578;69;160;180;14;14;6;1;1;8.788462;15;50;0.5384616;0;0;1;0;0;0;0;0;1
5132;0;1;0;0;1;42;10;0;0;0;0;0;0;1;0;0;1;0;1;0;0;0;54;50;51;50;40;48;51.35817;70;145;150;10;8;4;1;0;14.94231;июн.75;40;0.2115385;0;0;1;0;1;0;0;1;0
1867;0;1;0;0;1;39;12;0;0;0;0;1;0;0;0;1;0;0;0;1;0;0;64;61;59;59;55;35;61.99033;68;200;210;10;12;1;0;0;18.61539;20.янв;44;11.96154;0;0;1;0;0;1;0;0;0
774;0;1;0;0;1;42;14;0;0;0;0;1;0;0;1;0;0;0;0;1;0;0;52;40;59;59;42;47;50.54031;66;123;150;10;12;4;1;0;12.71154;13.май;48;5.615385;0;0;1;0;1;0;1;0;0
916;0;1;0;0;1;43;16;0;0;0;1;0;0;0;0;1;0;0;1;0;0;0;64;62;59;56;55;63;61.71771;70;175;175;14;16;2;1;0;20.21154;62.5;40;0.4230769;0;0;1;0;1;0;1;0;0
3971;0;1;0;0;1;39;19;0;0;1;0;0;0;0;0;1;0;0;1;0;0;0;66;66;60;62;49;48;65.80701;74;180;220;14;11;2;1;0;8.230769;32.69;50;14.76923;1;1;0;0;1;0;0;0;1
2661;0;1;0;1;0;41;9;0;0;0;0;0;0;1;0;1;0;0;0;1;0;0;34;36;44;20;33;42;33.6379;65;210;240;6;8;7;0;1;18.65385;06.май;50;6.846154;0;0;1;0;1;0;0;0;1
11911;0;1;0;0;1;42;13;0;0;0;0;0;1;0;0;1;0;0;1;0;0;0;52;54;55;50;46;50;54.6296;70;170;195;12;12;7;1;0;7.942307;15.мар;40;07.май;1;0;1;0;1;0;0;1;0
1508;0;1;0;0;1;37;14;0;0;0;0;1;0;0;0;1;0;0;0;0;0;1;56;66;60;56;62;63;64.17129;68;120;140;14;16;3;1;0;18.09615;ноя.21;60;4.884615;0;0;1;0;1;0;0;0;1
2261;0;1;0;0;1;38;12;0;0;0;0;0;0;1;0;1;0;0;1;0;0;0;34;42;25;32;30;25;35.001;68;150;200;9;8;5;0;1;9.865385;14.май;40;9.211538;0;0;1;0;0;0;0;0;1
2067;0;1;0;0;1;39;12;0;0;0;0;0;1;0;0;1;0;0;0;1;0;0;48;58;42;50;44;47;53.26651;70;150;185;12;12;11;1;0;20.82692;23.июл;40;17.май;0;0;1;0;0;0;1;0;0
730;0;1;0;0;1;41;15;0;0;0;1;0;0;0;0;1;0;0;0;1;0;0;52;55;52;62;60;59;57.62842;72;180;180;12;12;3;1;0;17.май;36.05;48;6.403846;0;0;1;0;0;0;1;0;0
3168;0;1;0;0;1;44;19;0;0;0;0;0;0;0;0;1;0;0;0;1;0;0;68;65;60;59;54;39;64.44391;71;168;180;14;16;3;1;0;1.788462;37.11;43;1.788462;0;1;0;0;1;0;0;0;1
1503;0;1;0;0;1;38;20;0;1;0;0;0;0;0;0;1;0;0;1;0;0;0;56;64;57;50;53;52;60.62724;70;140;180;16;18;1;1;0;8.788462;18.63;50;6.384615;0;1;0;0;1;0;0;0;1
3937;0;1;1;0;0;42;12;0;0;0;0;0;1;0;0;0;1;0;1;0;0;0;34;42;37;44;48;40;41.54387;71;240;250;11;3;2;1;0;22.53846;ноя.77;40;5;1;1;0;0;1;0;0;0;1
520;0;1;1;0;0;44;16;0;0;0;1;0;0;0;0;1;0;0;1;0;0;0;40;40;46;41;44;50;42.0891;71;185;225;12;8;7;1;0;20.28846;17.62;60;0.6923077;0;0;1;0;1;0;1;0;0
2113;0;1;0;0;1;39;19;1;0;0;0;0;0;0;0;1;0;0;0;1;0;0;58;66;59;62;62;62;65.53439;68;160;175;10;12;2;0;0;13.67308;48.07;44;13.67308;0;0;1;0;1;0;1;0;0
6;0;1;0;0;1;41;16;0;0;0;1;0;0;0;0;1;0;0;0;1;0;0;64;66;61;62;60;63;66.07963;65;200;190;12;12;1;1;0;19.90385;27.ноя;40;9.673077;0;1;0;0;1;0;1;0;0
210;0;1;0;0;1;39;16;0;0;0;1;0;0;0;0;1;0;0;0;1;0;0;52;47;48;53;62;57;49.72245;70;165;179;12;12;2;1;0;15.76923;17;40;0.4230769;1;1;0;0;1;1;0;0;0
1631;0;1;0;0;1;40;16;0;0;0;1;0;0;0;0;1;0;0;0;1;0;0;68;65;61;59;61;57;64.71653;74;230;300;12;16;3;1;0;11.05769;25.64;45;2.307692;0;0;1;0;1;0;0;1;0
1237;0;1;0;0;1;43;12;0;0;0;0;0;1;0;0;0;1;0;0;0;0;1;48;45;47;44;39;45;45.90578;68;180;235;12;17;3;1;0;19.05769;окт.46;43;1;0;0;1;0;1;0;0;0;1
5347;0;1;0;0;1;40;14;0;0;0;0;1;0;0;0;1;0;0;0;1;0;0;46;47;50;50;49;51;49.44983;72;195;300;13;12;2;1;;20.40385;19.23;50;19.44231;0;0;0;1;0;0;1;0;0
2774;0;1;0;0;1;45;14;0;0;0;0;0;1;0;0;1;0;0;1;0;0;0;66;61;60;53;60;42;60.62724;73;205;240;4;7;5;0;0;22.11539;21.сен;40;6.096154;0;0;1;0;0;0;0;0;1
3374;0;1;0;0;1;40;12;0;0;0;0;0;1;0;0;1;0;0;0;1;0;0;58;51;46;53;39;39;51.35817;72;165;175;12;11;5;0;0;19.05769;18.96;58;3.519231;1;0;1;0;1;0;1;0;0
4732;0;1;0;0;1;40;12;0;0;0;0;0;1;0;0;1;0;0;1;0;0;0;56;42;47;38;36;38;42.63434;74;270;310;12;10;5;1;0;21.36539;сен.96;40;15.13461;1;1;0;0;1;0;1;0;0
5356;0;1;0;0;1;40;12;0;0;0;0;0;1;0;0;1;0;0;0;0;0;1;66;49;55;56;48;37;53.53913;68;148;178;8;9;2;1;0;19.03846;13.июл;48;15.05769;1;0;1;0;0;0;1;0;0
11791;0;1;0;0;1;38;16;0;0;0;1;0;0;0;0;1;0;0;1;0;0;0;54;50;52;53;55;54;52.44865;69;140;190;12;8;2;1;0;14.59615;57.69;50;7.980769;0;0;1;0;1;0;1;0;0
2216;0;1;0;0;1;41;12;0;0;0;0;0;1;0;0;1;0;0;1;0;0;0;62;59;47;53;49;59;55.9927;70;190;195;14;9;2;1;0;21.71154;23.июл;50;5.942307;0;0;1;0;0;0;0;0;1
3803;0;1;0;0;1;41;18;0;0;1;0;0;0;0;0;1;0;0;0;0;0;1;62;55;60;53;62;56;57.3558;71;170;190;18;18;1;1;0;12.15385;24.51;40;3.519231;0;1;0;0;1;1;0;0;0
5147;0;1;0;1;0;44;12;0;0;0;0;1;0;0;0;1;0;0;0;1;0;0;46;47;52;59;53;61;52.44865;75;205;238;14;6;3;1;0;22.76923;32.05;45;24.94231;1;0;1;0;1;0;0;1;0
2007;0;1;0;0;1;40;14;0;0;0;0;0;1;0;0;1;0;0;1;0;0;0;64;59;55;59;59;56;59.80938;70;180;238;12;12;0;0;0;17.38461;38.46;55;4.326923;0;0;1;0;1;0;1;0;0
11981;1;0;0;1;0;40;12;0;0;0;0;0;0;1;0;0;1;0;0;1;0;0;26;35;28;23;25;30;29.5486;66;145;198;9;0;8;1;1;11.86539;13;35;0.75;0;1;0;0;1;1;0;0;0
2442;1;0;0;0;1;43;18;0;0;0;1;0;0;0;0;1;0;0;0;0;0;1;46;51;56;53;50;58;54.08437;66;135;203;13;7;0;1;0;18.13461;32.21;40;2.076923;0;1;0;0;1;0;1;0;0
4373;1;0;0;0;1;38;12;0;0;0;0;0;1;0;0;1;0;0;1;0;0;0;36;40;44;53;43;50;44.8153;62;124;125;12;20;2;0;0;21.23077;27.52;51;10.46154;0;0;1;0;1;0;0;1;0
1558;1;0;0;0;1;39;14;0;0;0;0;1;0;0;0;1;0;0;1;0;0;0;40;62;43;53;61;57;56.53794;66;135;185;12;14;3;1;0;14.34615;15.86;40;1.903846;0;0;1;0;1;0;0;0;1
4274;1;0;0;1;0;42;9;0;0;0;0;0;0;1;0;0;1;0;1;0;0;0;36;42;35;38;37;35;39.36291;64;130;170;9;0;2;0;1;15.94231;08.май;40;0.1923077;0;0;1;0;1;0;0;0;1
4425;1;0;0;0;1;42;18;0;0;0;1;0;0;0;1;0;0;1;0;0;0;0;60;62;61;62;62;56;63.89867;64;124;206;16;14;2;1;0;15.75;18.55;45;7.576923;0;0;1;0;1;0;0;1;0
293;1;0;0;0;1;43;13;0;0;0;0;0;1;0;0;1;0;0;1;0;0;0;62;66;61;56;49;54;64.44391;64;131;130;12;12;2;1;0;16.34615;10.сен;40;4.307693;0;1;0;0;0;0;0;0;1
11905;1;0;0;0;1;42;15;0;0;0;0;1;0;0;0;1;0;0;1;0;0;0;48;53;47;50;50;54;51.90341;66;190;190;8;8;4;1;1;16.71154;16.фев;60;2.134615;0;0;1;0;1;0;0;1;0
5091;1;0;0;0;1;38;20;0;0;0;1;0;0;0;0;1;0;0;1;0;0;0;38;50;43;59;57;57;51.63079;64;110;160;12;16;1;1;0;10.61539;31.15;30;5.461538;0;0;1;0;1;0;0;0;1
2530;1;0;0;0;1;38;12;0;0;0;0;0;1;0;0;1;0;0;1;0;0;0;34;35;38;50;49;45;39.63553;65;140;140;9;12;2;0;0;8.961538;6;35;0.0192308;0;1;0;0;0;0;1;0;0
2294;1;0;0;0;1;38;16;0;0;0;1;0;0;0;0;1;0;0;1;0;0;0;52;50;50;56;47;45;52.72127;60;115;140;12;12;2;1;0;9.807693;авг.65;38;1.807692;0;1;0;0;0;0;0;0;1
1356;1;0;0;0;1;39;16;0;0;0;1;0;0;0;0;1;0;0;1;0;0;0;56;58;60;56;62;57;59.80938;67;125;135;12;16;0;1;;16.69231;09.апр;40;6.865385;1;0;1;0;1;0;0;0;1
2140;1;0;0;0;1;39;12;0;0;0;0;0;1;0;0;1;0;0;1;0;0;0;44;49;43;41;62;59;46.1784;67;155;223;12;12;3;1;0;20.май;15.47;42;9.442307;0;0;1;0;0;0;0;0;1
11854;1;0;1;0;0;42;16;0;0;0;1;0;0;0;0;1;0;0;1;0;0;0;48;54;57;53;62;57;55.9927;68;160;220;12;16;4;1;0;18.80769;26.33;46;15.44231;1;1;0;0;0;0;0;0;1
11794;1;0;0;0;1;39;12;0;0;0;0;0;0;1;0;0;1;0;1;0;0;0;32;43;41;41;38;39;42.36172;67;130;127;10;6;4;0;0;21.07692;20.19;40;11.57692;0;0;1;0;0;0;0;0;1
3735;1;0;0;0;1;37;12;0;0;0;0;0;1;0;0;1;0;0;0;1;0;0;44;50;47;56;52;47;51.90341;66;130;125;12;12;2;0;0;19.88461;23.93;45;18;0;0;1;0;1;0;1;0;0
197;1;0;0;0;1;39;12;0;0;0;0;0;1;0;0;0;1;0;0;1;0;0;44;40;37;35;53;52;37.99981;62;108;128;11;12;3;1;0;11;8;40;1.076923;0;0;1;0;1;0;0;0;1
834;1;0;1;0;0;42;12;0;0;0;0;0;1;0;0;0;1;0;1;0;0;0;32;35;35;50;53;52;38.81767;62;167;187;12;12;8;1;;12.26923;сен.37;40;4.096154;0;1;0;0;1;0;1;0;0
1366;1;0;0;0;1;44;12;0;0;0;0;0;1;0;0;1;0;0;0;1;0;0;42;45;56;47;54;54;49.17721;64;180;220;12;16;7;1;0;23.46154;окт.46;40;1.019231;0;1;0;0;1;0;0;0;1
533;1;0;0;0;1;42;14;0;0;0;0;0;1;0;0;1;0;0;1;0;0;0;50;47;55;62;52;56;54.08437;59;129;163;12;12;3;1;0;12.69231;окт.46;40;0.0961538;0;1;0;0;1;0;1;0;0
2046;1;0;0;0;1;37;12;0;0;0;0;0;1;0;0;0;1;0;0;1;0;0;38;39;37;32;43;47;36.63671;62;135;155;13;12;4;1;1;11.69231;ноя.22;40;4.442307;0;0;1;0;1;0;1;0;0
527;1;0;0;0;1;44;13;0;0;0;0;0;1;0;0;0;1;0;1;0;0;0;56;54;60;59;61;37;58.44628;63;120;125;13;20;2;1;0;22.82692;17.94;45;6.153846;0;0;1;0;1;0;1;0;0
2104;1;0;0;0;1;45;12;0;0;0;0;0;1;0;0;1;0;0;0;0;0;1;52;58;59;53;62;49;58.7189;64;165;225;12;12;1;1;0;19.32692;16.58;45;10.03846;0;0;1;0;0;0;1;0;0
2165;1;0;0;0;1;42;12;0;0;0;0;0;1;0;0;1;0;0;1;0;0;0;50;38;51;53;39;44;45.63316;64;145;212;12;14;1;1;0;11.98077;07.май;40;0.2692308;0;0;1;0;0;0;0;0;1
619;1;0;0;0;1;44;12;0;0;0;0;0;0;1;0;0;1;0;0;1;0;0;52;46;57;56;46;48;52.44865;62;107;120;10;12;5;1;0;14.17308;15.14;40;июн.25;0;1;0;0;1;0;1;0;0
21;1;0;0;0;1;40;16;0;0;0;1;0;0;0;0;1;0;0;0;1;0;0;48;65;59;56;62;61;63.35343;62;138;160;12;18;2;1;0;18.03846;38.46;45;2.019231;0;0;1;0;1;1;0;0;0
3574;1;0;0;0;1;37;12;0;0;0;0;1;0;0;0;1;0;0;1;0;0;0;58;65;61;59;62;71;64.71653;69;180;240;11;8;1;1;0;18.76923;20.19;40;17.23077;0;0;1;0;1;0;1;0;0
1662;1;0;0;0;1;39;12;0;0;0;0;0;1;0;0;0;1;0;0;1;0;0;48;46;56;59;59;48;52.99389;66;140;150;12;12;7;1;0;14.53846;июн.25;28;3.346154;1;1;0;0;1;0;0;1;0
4551;1;0;0;0;1;40;13;0;0;0;0;0;1;0;0;1;0;0;0;1;0;0;40;47;48;50;47;50;48.90459;61;109;110;12;7;3;1;0;19.11539;дек.82;30;19.94231;1;1;0;0;2;0;0;1;0
2211;1;0;1;0;0;41;12;0;0;0;0;0;1;0;1;0;0;1;0;0;0;0;38;39;35;47;48;56;40.18077;68;169;225;11;12;5;1;1;22.98077;окт.79;48;21.15385;1;0;1;0;1;0;0;0;1
3754;1;0;0;0;1;40;12;0;0;0;0;0;1;0;0;0;1;0;1;0;0;0;50;61;57;56;58;60;60.62724;61;126;145;9;8;3;1;0;21.61539;14.75;40;2.538461;0;0;1;0;1;0;1;0;0
192;1;0;0;0;1;39;16;0;0;0;1;0;0;0;0;1;0;0;0;1;0;0;54;53;56;53;56;50;55.17484;61;110;125;12;12;1;1;0;12.96154;33.33;15;0.8269231;0;0;1;0;1;1;0;0;0
2112;1;0;0;0;1;44;12;0;0;0;0;0;1;0;0;1;0;0;0;1;0;0;52;57;61;59;62;64;60.35461;65;135;150;12;12;5;1;0;15.51923;12;42;10.42308;0;0;1;0;0;0;1;0;0
721;1;0;0;0;1;39;13;0;0;0;0;0;1;0;0;0;1;0;0;0;0;1;42;43;43;32;41;38;40.45338;62;103;105;8;6;4;0;0;19.07692;8;40;01.май;0;0;1;0;1;0;0;0;1
1114;1;0;0;1;0;41;12;0;0;0;0;0;1;0;0;1;0;0;0;1;0;0;38;47;47;44;43;44;46.99625;64;183;192;9;12;0;1;0;21.71154;16.15;50;3.576923;0;0;1;0;1;0;0;0;1
2911;1;0;0;1;0;41;12;0;0;0;0;0;1;0;0;0;1;0;0;1;0;0;30;38;30;32;35;51;34.18314;62;107;124;10;12;3;1;1;15.40385;авг.33;15;9.903846;0;0;1;0;1;1;0;0;0
3109;1;0;0;0;1;40;18;0;0;1;0;0;0;0;0;1;0;0;0;1;0;0;60;64;61;62;59;55;64.98915;63;105;115;12;16;3;1;0;13.82692;23.31;40;май.75;0;1;0;0;1;1;0;0;0
11851;1;0;0;0;1;43;14;0;0;0;0;0;1;0;1;0;0;0;1;0;0;0;54;51;56;62;53;57;56.53794;61;102;110;12;14;3;1;0;21.26923;34.18;45;17.38461;0;0;1;0;1;0;0;0;1
1847;1;0;0;1;0;42;14;0;0;0;0;0;0;1;0;0;1;0;0;1;0;0;52;53;57;59;61;55;57.08318;66;115;155;12;10;3;1;0;18.94231;23.64;47;14.53846;0;1;0;0;1;0;0;1;0
887;1;0;0;0;1;41;18;0;0;1;0;0;0;0;0;1;0;0;0;1;0;0;56;39;56;56;51;50;48.35935;63;140;170;14;16;5;1;0;12.48077;17.мар;50;17.86539;1;1;0;0;1;0;1;0;0
5508;1;0;0;0;1;42;12;0;0;0;0;0;1;0;0;1;0;0;1;0;0;0;50;40;38;47;61;65;41.54387;66;125;145;12;11;2;1;0;23.03846;12.дек;45;3.423077;0;0;1;0;0;0;0;0;1
1240;1;0;0;0;1;38;18;0;0;1;0;0;0;0;0;1;0;0;0;0;0;1;62;61;57;50;53;50;58.99152;69;185;200;12;12;1;1;0;9.884615;21.15;40;1.538462;0;0;1;0;0;0;0;0;1
3337;1;0;0;0;1;40;18;0;0;1;0;0;0;0;0;1;0;0;0;0;0;1;52;64;57;59;61;56;63.08081;68;128;135;12;8;3;1;0;15.61539;31.янв;38;3.480769;1;1;0;0;0;0;1;0;0
11958;1;0;0;0;1;38;12;0;0;0;0;0;0;0;0;1;0;0;0;1;0;0;48;42;42;50;47;47;44.54268;63;110;150;16;16;0;1;0;18.28846;34.34;35;1.057692;0;0;1;0;1;1;0;0;0
3355;1;0;0;0;1;42;14;0;0;0;0;1;0;0;0;0;1;0;1;0;0;0;56;58;56;53;62;72;57.90104;65;132;152;11;14;2;1;0;13.61539;18.37;45;0.8653846;0;0;1;0;1;0;1;0;0
5275;1;0;0;0;1;43;12;0;0;0;0;0;0;0;0;1;0;1;0;0;0;0;42;45;50;50;53;50;48.35935;66;160;229;10;12;3;1;1;18;07.авг;38;2.326923;0;0;1;0;0;0;1;0;0
3091;1;0;0;0;1;37;14;0;0;0;0;0;1;0;1;0;0;0;0;0;0;1;48;47;44;41;62;54;45.36054;64;140;155;10;12;1;0;0;16.73077;12.май;45;9.230769;0;1;0;0;2;1;0;0;0
1571;1;0;0;0;1;39;15;0;0;0;0;1;0;0;0;0;1;0;0;1;0;0;52;46;61;59;47;56;54.35698;68;120;138;12;16;4;1;0;17.26923;15.54;40;5.096154;0;1;0;0;1;0;0;1;0
3802;1;0;0;0;1;43;13;0;0;0;0;0;0;0;0;0;1;0;1;0;0;0;44;62;56;59;44;49;61.71771;65;120;120;14;13;3;1;;20.42308;10.май;40;0.1730769;0;1;0;0;1;0;1;0;0
4152;1;0;0;0;1;44;13;0;0;0;0;0;1;0;0;1;0;0;1;0;0;0;54;50;59;53;53;54;54.35698;65;116;120;12;14;2;1;0;19.98077;13.май;44;2.826923;0;1;0;0;1;0;0;0;1
1967;1;0;0;0;1;39;16;0;0;0;1;0;0;0;1;0;0;0;1;0;0;0;38;50;48;59;42;51;52.99389;60;140;150;17;14;3;1;0;16.69231;18.май;40;13.65385;1;1;0;0;1;0;0;0;1
5055;1;0;0;0;1;40;14;0;0;0;0;1;0;0;1;0;0;0;1;0;0;0;48;45;47;56;54;65;49.17721;62;118;120;12;13;2;1;1;19.30769;окт.48;55;1.519231;0;0;1;0;1;0;0;0;1
1902;1;0;0;0;1;38;12;0;0;0;0;0;1;0;0;1;0;0;0;1;0;0;48;50;50;50;53;45;51.08555;68;175;320;12;12;4;1;0;20.13461;16.84;40;18.84615;0;0;1;0;0;1;0;0;0
1885;1;0;0;0;1;42;16;0;0;0;1;0;0;0;0;1;0;0;1;0;0;0;52;49;57;56;55;54;54.08437;64;120;135;12;12;2;0;0;13.55769;17.62;24;18.75;0;0;1;0;1;1;0;0;0
4934;1;0;0;0;1;41;12;0;0;0;0;0;1;0;0;0;1;0;0;0;0;1;48;42;41;41;40;47;41.81648;62;182;165;6;8;2;0;0;19.76923;июн.75;40;4;0;0;1;0;0;0;0;0;1
11850;1;0;0;0;1;39;8;0;0;0;0;0;0;1;0;0;1;0;1;0;0;0;42;38;42;44;38;46;40.72601;62;155;190;12;6;5;0;0;18.34615;09.июл;55;10.84615;0;0;1;0;1;0;0;0;1
3094;1;0;0;0;1;43;12;0;0;0;0;0;1;0;0;1;0;0;0;1;0;0;38;36;46;50;41;47;42.36172;62;130;160;8;11;1;0;0;7.403846;июн.25;40;5.692307;0;0;1;0;1;1;0;0;0
3719;1;0;0;0;1;44;12;0;0;0;0;0;1;0;0;1;0;0;1;0;0;0;44;45;48;41;42;45;45.36054;69;145;132;12;9;2;1;1;18.61539;07.сен;40;3.788461;0;0;1;0;1;0;0;1;0
3458;1;0;0;0;1;40;14;0;0;0;0;1;0;0;0;1;0;0;0;1;0;0;38;40;42;50;46;54;43.4522;63;105;110;14;12;4;1;0;16.88461;14.мар;38;20.67308;1;1;0;0;1;0;1;0;0
3242;1;0;0;0;1;40;12;0;0;0;0;1;0;0;0;1;0;0;1;0;0;0;42;50;55;53;59;56;53.26651;63;119;140;12;14;2;1;0;18.86539;14.75;17;11.96154;0;0;1;0;0;1;0;0;0
3321;1;0;0;0;1;37;10;0;0;0;0;0;0;1;0;1;0;0;1;0;0;0;26;40;25;26;29;36;32.2748;63;130;145;9;6;7;1;0;15.53846;дек.35;48;6.673077;1;0;1;0;1;0;1;0;0
3343;1;0;0;0;1;38;10;0;0;0;0;0;0;1;0;1;0;0;0;1;0;0;34;40;43;44;47;54;42.0891;65;135;134;10;10;1;1;0;20.88461;9;30;1.038462;0;0;1;0;1;0;1;0;0
4488;1;0;0;0;1;38;13;0;0;0;0;0;1;0;1;0;0;0;0;1;0;0;50;59;59;62;60;55;61.71771;65;115;140;8;11;2;1;0;17.57692;36.11;45;3.615385;0;0;1;0;1;0;0;1;0
5712;1;0;0;0;1;40;12;0;0;0;0;0;1;0;0;1;0;1;0;0;0;0;58;55;61;59;42;48;59.26414;67;142;270;12;11;1;0;0;18.92308;12;40;13.42308;0;0;1;0;0;0;0;1;0
972;1;0;0;0;1;38;12;0;0;0;0;0;1;0;1;0;0;0;0;1;0;0;56;46;55;53;48;51;51.08555;65;118;169;12;12;4;1;0;19.28846;15.38;40;0.5961539;0;0;1;0;1;0;1;0;0
3444;1;0;0;0;1;43;12;0;0;0;0;0;1;0;0;1;0;0;1;0;0;0;46;36;44;47;58;60;40.99863;68;200;200;10;8;2;1;0;19.09615;июн.14;40;0.3269231;0;0;1;0;1;0;1;0;0
4803;1;0;0;0;1;38;13;0;0;0;0;0;1;0;0;1;0;0;0;1;0;0;48;62;56;53;62;59;60.082;66;165;240;12;12;2;0;0;18.78846;6;40;6.134615;0;1;0;0;0;0;1;0;0
5421;1;0;0;0;1;41;12;0;0;0;0;0;1;0;0;1;0;0;0;1;0;0;54;58;57;56;61;61;58.99152;62;115;120;12;10;9;0;0;13.98077;май.49;35;4.903846;0;1;0;0;0;0;1;0;0
2529;1;0;0;0;1;39;12;0;0;0;0;0;1;0;0;1;0;0;1;0;0;0;44;45;37;44;53;45;43.17958;65;135;130;9;12;2;0;0;9.730769;7;35;0.5769231;0;0;1;0;0;0;1;0;0
2190;1;0;0;0;1;42;13;0;0;0;0;0;1;0;0;1;0;0;1;0;0;0;48;39;47;53;59;65;45.08792;65;160;190;11;10;3;1;0;20.30769;окт.25;30;7.115385;0;1;0;0;0;0;0;0;1
4280;1;0;0;0;1;43;16;0;0;0;1;0;0;0;0;1;0;0;1;0;0;0;64;66;61;59;55;59;65.26176;64;110;125;11;12;1;0;0;16.80769;21.15;40;18.13461;1;1;0;0;0;0;0;0;1
1286;1;0;1;0;0;41;16;0;0;0;1;0;0;0;0;0;1;0;1;0;0;0;38;35;44;32;36;50;36.36409;64;140;180;12;12;2;1;0;14.32692;дек.92;40;22.03846;0;1;0;0;1;0;0;0;1
5063;1;0;0;0;1;39;12;0;0;0;0;0;1;0;0;1;0;0;1;0;0;0;38;50;46;44;42;52;48.35935;63;165;200;12;12;1;1;;17.71154;сен.88;20;11.44231;1;1;0;0;0;0;0;0;1
1592;1;0;0;0;1;37;12;0;0;0;0;0;0;1;0;1;0;0;0;1;0;0;46;45;38;44;47;54;43.4522;64;158;175;11;11;3;0;0;15.71154;июн.75;40;0.1153846;0;0;1;0;0;0;0;1;0
5327;1;0;0;0;1;42;12;0;0;0;0;0;1;0;0;1;0;0;1;0;0;0;44;59;55;53;46;51;58.17366;65;160;185;12;9;1;1;0;9.807693;авг.55;40;3.384615;0;0;1;0;0;0;1;0;0
2775;1;0;0;0;1;42;12;0;0;0;0;0;0;0;0;1;0;0;1;0;0;0;56;57;57;56;59;37;58.44628;64;122;180;5;8;5;0;0;17.48077;14.май;40;1.211538;0;1;0;0;0;0;0;0;1
5626;1;0;0;0;1;37;12;0;0;0;0;0;1;0;0;1;0;0;1;0;0;0;46;49;34;56;40;42;47.81411;61;127;140;12;12;5;1;0;18.76923;31.39;40;7.961538;0;0;1;0;0;0;0;0;1
3285;1;0;0;1;0;40;12;0;0;0;0;0;1;0;1;0;0;0;0;1;0;0;48;43;39;32;37;45;39.36291;59;138;137;16;10;0;1;0;20.03846;15;38;11.44231;0;0;1;0;1;1;0;0;0
1130;1;0;0;1;0;42;12;0;0;0;0;0;1;0;0;1;0;0;0;1;0;0;58;43;60;56;40;48;51.63079;62;135;149;8;9;3;1;0;14.59615;18.99;40;2.115385;0;0;1;0;1;0;0;0;1
1490;1;0;1;0;0;39;12;0;0;0;0;0;1;0;0;0;1;0;1;0;0;0;44;35;38;38;51;40;36.36409;61;137;172;10;11;3;0;0;17.34615;13.42;42;3.730769;1;1;0;0;0;0;0;0;1
487;1;0;0;0;1;41;14;0;0;0;0;0;1;0;0;1;0;0;0;1;0;0;50;57;48;53;52;59;55.17484;67;128;130;14;13;4;1;0;18.76923;19.72;39;03.май;0;0;1;0;1;0;1;0;0
5372;1;0;0;0;1;43;16;0;0;0;1;0;0;0;0;1;0;0;1;0;0;0;56;65;61;56;52;59;63.89867;69;130;140;16;16;3;1;0;14.67308;июл.69;25;04.май;0;1;0;0;1;0;1;0;0
1178;1;0;0;0;1;39;17;0;0;0;1;0;0;0;0;1;0;0;1;0;0;0;42;59;51;53;55;52;57.08318;64;125;135;12;12;2;1;;17.19231;13.84;50;11.92308;0;1;0;0;1;0;0;0;1
2573;1;0;0;0;1;44;17;0;0;1;0;0;0;0;0;1;0;0;1;0;0;0;52;62;57;62;62;66;62.80819;66;140;200;12;12;2;1;0;19.30769;сен.28;60;9.807693;1;1;0;0;1;0;1;0;0
2959;1;0;0;0;1;39;20;1;0;0;0;0;0;0;0;1;0;0;0;1;0;0;66;64;39;59;62;72;58.17366;65;115;125;14;18;2;1;0;13;80.12;24;9.076923;0;0;1;0;1;1;0;0;0
3156;1;0;0;0;1;40;19;0;0;0;1;0;0;0;0;1;0;0;0;0;1;0;64;58;57;56;62;63;58.99152;61;100;115;16;17;1;1;0;10.73077;09.май;28;0.5961539;0;0;1;0;1;1;0;0;0
5272;1;0;0;0;1;40;12;0;0;0;0;0;1;0;0;1;0;0;1;0;0;0;42;45;48;38;62;69;44.54268;68;130;170;12;12;1;1;0;15.80769;08.авг;40;1.192308;0;0;1;0;0;0;1;0;0
2585;1;0;0;0;1;42;13;0;0;0;0;0;1;0;1;0;0;0;1;0;0;0;48;47;55;53;53;57;51.63079;62;155;230;10;8;3;0;0;19.73077;14;40;6.192307;0;1;0;0;1;0;0;0;1
4971;1;0;0;1;0;38;13;0;0;0;0;0;1;0;0;0;1;0;0;1;0;0;36;35;39;35;35;47;35.81885;66;130;158;8;11;2;1;0;13.67308;окт.56;50;6.403846;1;1;0;0;0;0;0;0;1
12104;1;0;0;0;1;45;15;0;0;0;0;1;0;0;0;1;0;0;0;0;0;1;58;59;60;62;37;59;61.99033;65;160;130;13;16;3;0;0;15.90385;16.32;37;3.788461;1;1;0;0;0;0;0;1;0
2473;1;0;0;0;1;37;12;0;0;0;0;0;1;0;0;0;1;0;1;0;0;0;52;58;59;62;53;55;61.17247;68;135;175;12;12;3;1;0;19.07692;17.25;40;8.769231;0;0;1;0;1;0;1;0;0
4049;1;0;0;0;1;42;12;0;0;0;0;0;0;1;0;1;0;0;0;1;0;0;44;45;51;56;58;56;50.26769;61;110;115;12;8;5;1;0;15.94231;16.75;50;2.038461;0;0;1;0;1;0;0;0;1
3057;1;0;0;0;1;43;12;0;0;0;0;0;1;0;0;1;0;0;1;0;0;0;50;35;50;56;44;52;44.54268;62;110;115;12;9;3;1;1;11.82692;июл.75;50;3;0;0;1;0;0;0;1;0;0
12005;1;0;1;0;0;40;15;0;0;0;0;0;1;0;1;0;0;0;1;0;0;0;42;39;55;47;53;50;45.63316;62;150;170;10;8;2;1;1;16.63461;16;45;4.038462;0;0;1;0;1;1;0;0;0
2237;1;0;0;0;1;41;18;0;0;1;0;0;0;0;0;1;0;1;0;0;0;0;54;62;57;62;53;69;62.80819;67;140;184;12;19;2;1;0;18.65385;дек.75;60;9;1;1;0;0;1;0;0;0;1
439;1;0;0;0;1;41;16;0;0;0;1;0;0;0;0;1;0;0;0;0;0;1;56;58;56;59;60;66;59.53675;65;125;175;12;8;2;0;0;17.88461;25.янв;36;17.30769;0;0;1;0;0;1;0;0;0
276;1;0;0;0;1;40;12;0;0;0;0;0;1;0;0;1;0;0;0;1;0;0;40;50;50;56;47;44;52.72127;64;108;112;12;13;1;1;0;22.36539;окт.75;40;5.615385;0;0;1;0;1;1;0;0;0
1863;1;0;0;0;1;43;12;0;0;0;0;0;1;0;0;1;0;0;0;1;0;0;42;53;56;62;60;67;57.62842;68;155;220;12;12;6;1;0;14.86539;июл.75;12;8.634615;0;0;1;0;0;1;0;0;0
4815;1;0;0;0;1;42;14;0;0;0;0;1;0;0;0;1;0;0;0;1;0;0;54;59;59;62;62;56;61.71771;60;110;110;12;8;6;1;0;19.05769;20;20;15.44231;0;1;0;0;1;0;1;0;0
3096;1;0;0;0;1;43;13;0;0;0;0;0;1;0;0;1;0;0;0;1;0;0;50;53;57;56;61;60;56.26532;63;106;112;12;10;3;1;0;6.403846;10;24;4.365385;0;0;1;0;1;0;1;0;0
703;1;0;0;0;1;40;12;0;0;0;0;0;0;1;0;0;1;0;1;0;0;0;48;50;50;47;61;54;50.26769;68;145;148;9;9;5;1;0;12.03846;ноя.14;40;0.9038461;1;0;1;0;1;0;1;0;0
4499;1;0;0;0;1;38;14;0;0;0;0;1;0;0;0;0;1;0;1;0;0;0;52;50;44;47;41;54;48.63197;67;150;165;9;12;4;1;1;15.73077;21.65;50;5.557693;0;0;1;0;1;0;0;0;1
3897;1;0;0;0;1;41;17;0;0;0;1;0;0;0;0;0;1;0;0;1;0;0;42;47;51;53;61;68;50.54031;67;150;137;15;16;3;1;0;17.55769;48.07;40;8.807693;0;0;1;0;1;0;1;0;0
4589;1;0;0;0;1;42;12;0;0;0;0;0;1;0;0;1;0;0;1;0;0;0;46;43;54;53;59;54;49.17721;66;145;145;12;12;3;0;0;15.23077;13.66;40;7.961538;0;0;1;0;1;0;0;1;0
4093;1;0;0;0;1;39;18;0;0;0;1;0;0;0;0;0;1;0;1;0;0;0;50;62;48;59;49;52;59.53675;62;99;87;12;12;3;0;0;10.51923;23;60;12.42308;0;1;0;0;0;0;0;0;1
1495;1;0;0;0;1;44;12;0;0;0;0;0;1;0;0;1;0;0;0;0;0;1;44;40;47;50;50;49;44.8153;60;135;150;9;5;3;0;0;20.86539;08.мар;37;0.2307692;0;0;1;0;1;0;0;0;1
3964;1;0;0;0;1;44;16;0;0;0;1;0;0;0;0;1;0;0;1;0;0;0;52;58;59;59;59;63;60.35461;63;116;150;11;6;2;1;0;16.17308;13;20;2.134615;0;1;0;0;1;0;0;0;1
4876;1;0;0;0;1;41;12;0;0;0;0;0;1;0;0;1;0;0;0;1;0;0;50;55;48;62;53;51;56.53794;65;140;180;12;12;3;1;0;14.98077;авг.88;40;3.788461;0;1;0;0;0;0;1;0;0
437;1;0;0;0;1;45;12;0;0;0;0;0;1;0;0;1;0;0;1;0;0;0;46;51;54;62;54;54;55.9927;64;151;205;8;10;5;1;0;22.46154;сен.25;40;24.69231;0;0;1;0;1;1;0;0;0
1868;1;0;0;0;1;44;13;0;0;0;0;1;0;0;0;1;0;0;0;1;0;0;46;42;52;53;53;55;48.08673;66;125;135;12;12;4;0;0;16.30769;11;40;11.98077;0;0;1;0;1;1;0;0;0
2748;1;0;0;0;1;45;12;0;0;0;0;0;1;0;0;1;0;0;1;0;0;0;34;36;34;26;27;47;32.54742;66;136;138;7;11;2;0;0;22.71154;17.78;40;23.98077;0;0;1;0;0;0;0;0;1
449;1;0;0;0;1;42;12;0;0;0;0;0;1;0;0;1;0;0;0;0;0;1;54;51;55;56;61;51;54.6296;62;125;180;12;12;4;1;0;23.05769;12;28;3.730769;0;0;1;0;1;1;0;0;0
2088;1;0;0;0;1;40;14;0;0;0;0;1;0;0;0;1;0;0;0;1;0;0;34;57;51;50;62;59;55.17484;63;95;115;12;12;6;1;0;18.94231;13;40;2.942308;0;1;0;0;0;0;1;0;0
91;1;0;0;0;1;38;16;0;0;0;1;0;0;0;0;1;0;0;0;1;0;0;32;31;39;41;61;59;35.27361;67;136;145;5;3;2;1;0;12.38461;26.44;40;10;0;0;1;0;1;1;0;0;0
4655;1;0;0;0;1;39;14;0;0;0;0;0;1;0;0;0;1;0;0;1;0;0;48;54;47;44;62;63;50.81293;64;124;128;11;11;3;1;1;18.84615;25.41;35;18.13461;0;1;0;0;1;1;0;0;0
2230;1;0;0;0;1;37;16;0;0;0;1;0;0;0;0;1;0;0;1;0;0;0;56;57;56;56;62;55;58.17366;65;150;170;12;12;2;1;0;16.48077;21.78;32;21.90385;0;0;1;0;0;0;0;0;1
4981;1;0;0;1;0;38;14;0;0;0;0;1;0;0;0;1;0;0;0;1;0;0;28;43;34;44;51;51;41.27124;60;115;163;7;7;4;0;1;16.78846;12.мар;50;5.826923;0;0;0;1;1;0;0;0;1
4880;1;0;0;0;1;42;14;0;0;0;0;1;0;0;0;1;0;0;1;0;0;0;52;51;56;44;52;64;51.63079;68;117;156;12;9;2;1;0;23.32692;14.мар;35;14.40385;1;1;0;0;0;0;1;0;0
2672;1;0;0;1;0;43;12;0;0;0;0;0;1;0;0;1;0;0;0;1;0;0;44;38;43;47;48;55;41.81648;61;143;185;11;11;3;1;0;20.98077;04.авг;40;5.961538;0;1;0;0;1;0;0;0;1
3669;1;0;0;0;1;40;16;0;0;0;1;0;0;0;0;1;0;0;0;1;0;0;56;64;59;56;62;59;62.80819;63;116;115;14;17;3;1;0;13.65385;15;15;0.6153846;0;1;0;0;1;0;1;0;0
4618;1;0;0;0;1;41;12;0;0;0;0;0;0;1;0;0;1;0;0;1;0;0;38;35;42;32;41;47;35.81885;65;127;152;16;10;3;1;;13.73077;18.75;40;1.269231;0;0;1;0;1;0;0;1;0
744;1;0;1;0;0;42;14;0;0;0;0;0;1;0;0;1;0;0;1;0;0;0;36;35;29;20;36;35;29.00336;66;142;150;12;12;2;1;1;15.42308;дек.45;40;17.26923;1;0;1;0;1;0;1;0;0
2828;1;0;0;0;1;41;10;0;0;0;0;0;0;1;0;0;1;0;0;1;0;0;38;43;43;35;50;43;41.27124;59;95;120;1;1;3;0;0;11.42308;июл.14;35;5.826923;0;0;1;0;1;1;0;0;0
4544;1;0;0;1;0;38;12;0;0;0;0;0;1;0;0;1;0;0;0;1;0;0;42;32;30;32;41;47;30.9117;59;125;136;7;11;3;1;1;авг.25;май.76;20;2.019231;0;1;0;0;0;0;0;1;0
4785;1;0;0;0;1;39;12;0;0;0;0;0;1;0;0;1;0;0;0;1;0;0;46;50;55;47;62;58;51.63079;67;150;200;9;12;8;1;;21.03846;авг.25;40;0.4807692;0;0;1;0;1;0;1;0;0
3790;1;0;0;0;1;42;12;0;0;0;0;0;1;0;0;0;1;0;1;0;0;0;48;45;44;53;41;43;47.5415;62;117;140;7;7;5;0;0;21.28846;09.авг;40;1.942308;1;0;1;0;1;0;1;0;0
4924;1;0;0;0;1;43;13;0;0;0;0;0;1;0;0;1;0;0;1;0;0;0;54;46;55;53;55;61;51.08555;66;114;141;14;12;2;0;0;22.63461;авг.56;41;7.365385;0;0;1;0;0;1;0;0;0
3317;1;0;1;0;0;41;12;0;0;0;0;0;1;0;0;0;1;0;1;0;0;0;32;34;22;35;49;35;30.63908;62;118;160;13;12;5;0;0;9.923077;09.мар;60;2.057692;0;1;0;0;1;0;1;0;0
4763;1;0;0;0;1;44;15;0;0;0;0;1;0;0;0;0;1;0;1;0;0;0;52;40;52;56;54;57;47.81411;66;110;160;12;6;1;1;0;14.21154;23.25;40;13.21154;1;1;0;0;0;0;1;0;0
622;1;0;1;0;0;38;15;0;0;0;0;0;1;0;0;1;0;0;1;0;0;0;34;47;43;56;52;41;49.17721;64;128;195;13;13;2;1;1;15.09615;15.38;40;9.230769;0;0;1;0;1;0;1;0;0
11866;1;0;0;0;1;42;18;0;0;0;1;0;0;0;0;1;0;1;0;0;0;0;50;50;50;56;61;51;52.72127;66;130;130;12;12;3;1;0;13.01923;дек.55;49;3.423077;0;1;0;0;1;0;0;1;0
1361;1;0;0;0;1;38;8;0;0;0;0;0;0;1;0;0;1;0;1;0;0;0;34;46;39;35;44;43;41.81648;60;87;105;10;10;1;0;0;7.711538;07.май;60;0.5192308;0;0;1;0;0;0;0;0;1
3134;1;0;0;0;1;43;12;0;0;0;0;0;1;0;1;0;0;1;0;0;0;0;50;36;54;41;53;55;42.0891;65;125;130;12;12;3;1;0;21.57692;ноя.64;40;4.519231;0;0;1;0;1;1;0;0;0
5702;1;0;0;0;1;44;13;0;0;0;0;0;1;0;0;0;1;0;1;0;0;0;56;53;60;53;44;51;56.26532;69;125;148;12;11;6;1;0;16.май;окт.25;40;5.442307;0;0;1;0;1;0;1;0;0
290;1;0;0;1;0;42;10;0;0;0;0;0;0;1;0;1;0;0;0;1;0;0;38;38;30;38;37;49;35.81885;64;149;175;6;7;11;1;0;12.53846;07.авг;32;6.846154;0;0;1;0;1;1;0;0;0
4107;1;0;0;0;1;40;19;0;0;1;0;0;0;0;0;0;1;1;0;0;0;0;64;66;60;59;55;58;64.98915;61;105;140;16;17;1;1;0;3.923077;18;45;1.903846;1;1;0;0;0;0;0;0;1
11868;1;0;0;0;1;37;16;0;0;0;1;0;0;0;0;1;0;0;1;0;0;0;48;49;44;53;61;56;49.72245;68;130;168;13;12;1;1;0;15.69231;33.46;50;13.46154;0;0;1;0;1;0;0;1;0
5485;1;0;1;0;0;37;16;0;0;0;1;0;0;0;0;0;1;0;1;0;0;0;46;35;47;38;42;47;38.81767;65;147;230;12;11;5;0;1;10.21154;сен.13;40;11.13461;1;1;0;0;0;0;0;0;1
3023;1;0;0;0;1;40;12;0;0;0;0;0;1;0;0;1;0;0;1;0;0;0;42;46;50;47;54;57;48.08673;67;130;170;12;12;3;1;0;21.48077;18;16;6.711538;0;0;1;0;1;0;1;0;0
1733;1;0;0;0;1;40;16;0;0;0;1;0;0;0;0;1;0;1;0;0;0;0;48;59;50;62;61;57;59.26414;66;110;128;17;12;4;1;0;16.92308;25.17;55;11.51923;0;0;1;0;1;0;0;1;0
5687;1;0;0;0;1;39;12;0;0;0;0;0;1;0;0;1;0;0;0;1;0;0;48;42;50;44;53;56;45.08792;65;154;214;8;8;9;0;1;4.134615;9;20;0.0769231;0;0;1;0;1;0;0;1;0
4841;1;0;0;0;1;39;15;0;0;0;0;1;0;0;0;1;0;0;1;0;0;0;62;57;55;47;61;61;55.44746;66;160;160;12;13;2;0;0;14.46154;39.72;48;2.769231;0;1;0;0;1;0;0;0;1
3364;1;0;0;0;1;42;14;0;0;0;0;0;1;0;0;1;0;0;0;1;0;0;56;55;61;59;62;62;59.26414;65;160;155;12;14;4;0;0;19.46154;16.25;40;7.230769;0;0;1;0;1;0;0;0;1
5121;1;0;0;0;1;43;12;0;0;0;0;0;0;0;0;0;1;0;1;0;0;0;54;61;54;59;62;59;60.62724;65;115;170;13;12;1;1;0;21.84615;21;45;7.634615;0;0;1;0;1;0;0;0;1
4576;1;0;0;0;1;41;18;0;0;0;1;0;0;0;1;0;0;0;0;1;0;0;44;49;43;47;53;51;47.81411;62;230;250;15;12;2;0;0;9.884615;окт.52;30;5.653846;0;1;0;0;1;0;0;1;0
11871;1;0;0;0;1;39;15;0;0;0;0;0;1;0;1;0;0;0;1;0;0;0;56;61;54;59;51;51;60.62724;60;100;125;12;12;3;1;0;14.09615;сен.25;44;0.1730769;0;0;1;0;2;0;1;0;0
3775;1;0;0;0;1;41;16;0;0;0;1;0;0;0;0;1;0;1;0;0;0;0;52;57;59;53;54;60;58.17366;63;112;145;12;8;2;1;0;14.30769;23;44;13.03846;0;0;1;0;1;0;1;0;0
912;1;0;0;0;1;44;16;0;0;0;1;0;0;0;0;1;0;0;1;0;0;0;64;65;60;56;62;65;63.62605;64;129;135;12;10;2;1;0;19.26923;окт.41;60;2.884615;1;1;0;0;1;0;1;0;0
1751;1;0;0;1;0;41;12;0;0;0;0;0;0;1;0;0;1;0;0;1;0;0;44;35;35;32;49;49;33.91051;61;145;195;10;15;3;0;1;15.55769;16;40;0.4423077;0;0;1;0;1;0;0;1;0
3496;1;0;0;0;1;42;14;0;0;0;0;1;0;0;0;1;0;0;0;1;0;0;40;53;56;59;62;65;56.81056;63;125;130;11;5;4;1;0;18.88461;ноя.72;38;1.673077;0;0;1;0;0;0;1;0;0
843;1;0;0;0;1;40;12;0;0;0;0;0;1;0;0;0;1;0;1;0;0;0;48;45;48;50;47;53;47.81411;61;105;115;13;11;3;0;0;12.98077;8;30;5.365385;0;0;1;0;1;0;0;0;1
4290;1;0;0;0;1;41;20;0;1;0;0;0;0;0;0;0;1;0;1;0;0;0;56;58;60;59;56;63;60.62724;67;141;135;12;20;3;1;0;11.17308;24.мар;40;4.038462;0;1;0;0;0;1;0;0;0
4826;1;0;0;0;1;41;18;0;0;1;0;0;0;0;0;1;0;0;0;1;0;0;52;53;57;56;62;66;56.26532;67;118;125;12;12;2;1;0;15.21154;25.сен;42;8.903846;1;1;0;0;1;0;1;0;0
12096;1;0;0;0;1;38;15;0;0;0;0;0;1;0;0;0;1;0;1;0;0;0;56;59;55;56;55;45;58.99152;64;101;110;8;11;0;1;0;16.59615;38.46;30;4.634615;0;0;1;0;1;0;0;0;1
382;1;0;1;0;0;43;13;0;0;0;0;0;1;0;0;0;1;0;1;0;0;0;34;35;28;38;33;42;33.6379;60;115;126;5;10;5;1;1;16.84615;13.июл;40;2.942308;0;0;1;0;1;1;0;0;0
4988;1;0;0;0;1;41;16;0;0;0;1;0;0;0;0;1;0;0;1;0;0;0;54;58;60;53;46;49;58.99152;67;135;160;16;16;3;1;0;19.03846;32.05;45;1.769231;0;0;1;0;1;1;0;0;0
5351;1;0;0;0;1;38;18;0;0;1;0;0;0;0;0;1;0;0;0;1;0;0;56;57;56;56;49;56;58.17366;65;115;128;12;12;3;1;0;13.19231;18.фев;40;1.307692;0;1;0;0;1;0;0;0;1
4120;1;0;0;0;1;42;13;0;0;0;0;1;0;0;0;1;0;0;0;0;0;1;48;47;44;50;53;59;47.81411;66;125;160;12;6;1;1;0;18.55769;16.75;40;1.480769;0;0;1;0;0;0;0;0;1
5469;1;0;0;0;1;38;6;0;0;0;0;0;0;1;0;0;1;0;1;0;0;0;30;34;28;29;32;35;30.63908;64;115;120;9;8;5;0;1;10.23077;06.май;30;0.3653846;0;0;1;0;0;0;0;0;1
11953;1;0;0;0;1;42;12;0;0;0;0;0;1;0;0;1;0;0;1;0;0;0;50;42;47;50;49;59;45.90578;69;250;281;7;8;4;0;0;23.07692;08.май;40;0.4807692;0;1;0;0;1;0;0;0;1
1444;1;0;0;1;0;40;13;0;0;0;0;0;1;0;1;0;0;0;0;1;0;0;48;46;43;62;53;58;50.26769;62;130;190;10;11;2;1;0;18.07692;мар.88;45;1.134615;0;0;1;0;1;0;0;0;1
2615;1;0;0;0;1;37;12;0;0;0;0;0;1;0;0;1;0;0;1;0;0;0;58;49;59;53;51;47;53.81174;62;137;170;9;12;3;0;0;10.76923;6;25;0.8269231;0;0;1;0;0;0;0;0;1
1323;1;0;0;0;1;40;17;0;0;1;0;0;0;0;0;1;0;0;1;0;0;0;46;61;55;56;42;48;60.082;63;120;128;12;12;2;1;0;15.69231;16.62;48;9.596154;1;1;0;0;1;0;0;0;1
3424;1;0;0;0;1;43;14;0;0;0;0;1;0;0;0;0;1;0;1;0;0;0;58;61;60;59;62;62;62.26295;64;115;145;13;12;4;1;1;19.53846;29.июн;40;4.288462;0;0;1;0;1;0;1;0;0
4564;1;0;1;0;0;44;16;0;0;0;1;0;0;0;0;1;0;0;0;1;0;0;58;57;56;59;62;57;58.99152;65;135;140;12;12;2;1;0;14.96154;19.июн;50;3.076923;0;1;0;0;1;0;0;1;0
5066;1;0;0;0;1;38;18;0;0;1;0;0;0;0;0;1;0;0;0;0;0;1;54;43;55;59;47;53;51.08555;63;125;190;12;12;0;1;;15.01923;июн.15;40;9.826923;0;1;0;0;0;0;0;0;1
4190;1;0;0;0;1;41;20;0;0;0;1;0;0;0;0;0;1;0;0;1;0;0;56;62;61;62;62;62;63.89867;67;120;135;9;12;4;1;0;9.807693;24.дек;55;5.038462;0;0;1;0;1;0;0;1;0
4219;1;0;0;0;1;40;14;0;0;0;0;0;1;0;0;1;0;0;1;0;0;0;52;38;47;47;52;54;42.90696;62;189;165;7;11;1;0;1;20.40385;15.78;40;19.53846;0;1;0;0;0;0;0;0;1
1727;1;0;0;0;1;38;12;0;0;0;0;0;1;0;0;1;0;0;0;1;0;0;38;43;33;41;46;51;40.18077;63;100;126;12;12;10;1;0;17.57692;38.46;45;1.038462;0;0;1;0;1;0;0;1;0
3243;1;0;0;0;1;44;16;0;0;0;1;0;0;0;0;0;1;0;1;0;0;0;54;55;57;53;62;44;56.53794;62;140;155;14;15;1;1;0;21.30769;сен.61;50;21.15385;0;0;1;0;0;1;0;0;0
4929;1;0;0;0;1;41;14;0;0;0;0;1;0;0;0;1;0;0;1;0;0;0;44;45;56;53;49;54;50.81293;62;110;145;12;10;1;1;0;18.84615;июл.57;40;0.0961538;0;0;1;0;0;0;0;0;1
3544;1;0;1;0;0;39;12;0;0;0;0;0;1;0;0;0;1;0;1;0;0;0;28;34;31;41;46;32;34.72837;64;150;255;11;11;13;1;0;6.115385;июл.85;12;0.0961538;0;0;1;0;1;0;1;0;0
1962;1;0;0;0;1;43;12;0;0;0;0;0;1;0;0;1;0;0;1;0;0;0;42;36;37;44;39;55;38.27243;65;170;190;12;12;3;0;0;17.36539;21.16;25;8.038462;1;0;1;0;1;1;0;0;0
5286;1;0;0;0;1;40;12;0;0;0;0;0;1;0;0;1;0;0;1;0;0;0;46;42;46;53;35;41;46.45102;68;143;180;10;10;3;1;0;7.211538;02.июн;40;май.25;0;0;1;0;0;0;1;0;0
12099;1;0;0;0;1;37;18;0;0;0;1;0;0;0;0;1;0;0;0;1;0;0;58;54;59;47;46;49;54.90222;68;145;158;14;18;1;1;;11.48077;11;12;4.461538;0;1;0;0;1;0;0;1;0
455;1;0;0;0;1;43;20;1;0;0;0;0;0;0;0;1;0;0;0;1;0;0;64;65;61;56;51;60;63.89867;65;118;123;12;12;2;1;0;14.78846;27.77;18;8.923077;0;0;1;0;0;1;0;0;0
2770;1;0;1;0;0;43;16;0;0;0;1;0;0;0;0;1;0;0;0;0;0;1;50;53;46;56;55;46;53.26651;66;170;196;12;16;10;0;1;19.38461;19.янв;48;19.32692;1;0;1;0;1;0;0;0;1
5705;1;0;0;0;1;42;12;0;0;0;0;0;1;0;0;1;0;0;0;1;0;0;58;54;60;59;52;61;58.44628;69;135;160;12;9;3;0;0;20.21154;27.97;55;5.923077;0;0;1;0;1;0;0;1;0
485;1;0;0;0;1;40;12;0;0;0;0;0;0;1;0;1;0;0;0;1;0;0;34;38;39;38;53;51;38.27243;63;102;110;12;12;2;1;0;18.30769;ноя.18;15;1.769231;0;1;0;0;0;0;1;0;0
4873;1;0;0;0;1;41;16;0;0;0;1;0;0;0;0;1;0;0;0;1;0;0;58;65;56;59;54;54;63.35343;62;109;135;12;12;2;1;0;19.09615;21.янв;41;15.96154;0;0;1;0;1;0;1;0;0
3609;1;0;0;0;1;42;14;0;0;0;0;1;0;0;0;0;1;0;0;1;0;0;56;43;60;53;54;47;50.81293;60;115;108;14;15;3;1;0;16.25;23.45;20;10.96154;1;1;0;0;1;0;1;0;0
3199;1;0;0;0;1;40;12;0;0;0;0;0;1;0;0;0;1;0;1;0;0;0;34;45;38;35;52;54;40.99863;61;135;115;10;10;3;1;0;21.82692;12.мар;40;1.057692;0;0;1;0;1;1;0;0;0
3041;1;0;0;0;1;43;13;0;0;0;0;0;1;0;0;1;0;0;1;0;0;0;54;64;61;62;62;69;64.98915;66;126;165;12;8;1;1;1;7.788462;фев.13;30;0.3461539;0;0;1;0;1;1;0;0;0
2405;1;0;0;0;1;42;16;0;0;0;0;1;0;0;0;1;0;0;1;0;0;0;44;35;39;26;36;46;33.36528;66;127;140;10;9;5;1;0;7.134615;16.95;45;3.192308;0;0;1;0;1;0;0;1;0
3036;1;0;0;0;1;44;12;0;0;0;0;0;1;0;0;1;0;0;0;1;0;0;44;66;60;59;52;65;64.98915;63;140;185;12;6;0;1;0;22.01923;25.82;35;20.71154;0;0;1;0;1;1;0;0;0
3837;1;0;0;0;1;39;12;0;0;0;0;0;1;0;0;1;0;0;0;1;0;0;42;47;54;47;53;57;49.72245;61;87;140;12;12;3;1;0;14.61539;14.75;40;6.980769;0;0;1;0;1;0;1;0;0
5282;1;0;0;0;1;43;13;0;0;0;0;0;1;0;0;1;0;0;0;0;0;1;36;46;51;44;44;51;47.5415;67;124;140;13;13;3;1;1;18.40385;13.79;40;1.115385;0;0;1;0;0;0;1;0;0
1394;1;0;0;0;1;42;15;0;0;0;0;1;0;0;0;1;0;0;0;0;0;1;52;54;54;62;58;58;57.62842;66;120;132;11;10;4;1;0;17.09615;23;40;14.73077;0;1;0;0;1;0;0;0;1
2652;1;0;0;1;0;37;12;0;0;0;0;0;1;0;0;0;1;0;0;1;0;0;46;43;44;47;52;54;44.8153;72;146;116;4;14;8;0;1;12.55769;дек.24;48;8.115385;0;1;0;0;0;0;0;0;1
5199;1;0;0;0;1;44;15;0;0;0;0;0;1;0;0;1;0;0;0;1;0;0;64;55;59;53;43;54;57.08318;62;120;131;16;18;5;1;0;15.13461;10;33;9.442307;0;1;0;0;0;1;0;0;0
4151;1;0;0;0;1;44;12;0;0;0;0;0;1;0;0;1;0;0;1;0;0;0;52;53;55;59;40;38;56.53794;62;170;185;8;8;0;0;0;15.25;12;40;7.192307;0;0;1;0;1;0;0;0;1
1589;1;0;0;0;1;40;16;0;0;0;1;0;0;0;1;0;0;0;1;0;0;0;48;47;56;56;61;61;52.72127;63;142;162;12;12;3;0;;14.34615;17;45;6.134615;0;0;1;0;1;0;0;1;0
4976;1;0;0;0;1;37;15;0;0;0;1;0;0;0;0;0;1;0;0;1;0;0;64;55;56;59;52;54;57.90104;69;200;200;12;12;2;1;0;16.13461;36.53;40;4;0;0;1;0;2;0;0;0;1
1510;1;0;0;0;1;38;16;0;0;0;1;0;0;0;1;0;0;0;1;0;0;0;46;57;47;56;44;53;55.72008;67;137;225;12;14;2;1;0;17.01923;12.май;40;12.42308;0;0;1;0;1;0;0;0;1
2342;1;0;0;0;1;40;12;0;0;0;0;0;1;0;0;1;0;0;1;0;0;0;40;42;47;56;57;58;47.5415;62;111;100;12;12;3;1;0;18.71154;окт.57;40;4.884615;0;0;1;0;0;0;0;0;1
2781;1;0;0;0;1;42;12;0;0;0;0;0;1;0;0;1;0;0;0;0;0;1;52;53;55;56;54;63;55.72008;67;155;140;8;5;4;0;1;10.46154;7;40;0.5769231;0;0;1;0;0;0;0;0;1
3545;1;0;1;0;0;39;14;0;0;0;0;0;1;0;0;0;1;0;0;1;0;0;46;39;50;50;51;50;45.08792;66;155;165;12;11;4;1;0;13.19231;16.34;40;7;0;1;0;0;1;0;1;0;0
1646;1;0;0;1;0;37;14;0;0;0;0;0;1;0;0;0;1;0;0;1;0;0;30;34;35;44;50;54;36.63671;62;125;140;12;10;1;1;0;18.11539;43.85;35;9.942307;0;0;1;0;1;0;0;1;0
5511;1;0;0;0;1;42;14;0;0;0;0;0;1;0;0;1;0;0;1;0;0;0;56;49;57;56;58;58;54.08437;64;120;175;12;9;1;1;0;17.38461;13;40;6.538462;0;0;1;0;1;0;0;0;1
1037;1;0;0;0;1;40;12;0;0;0;1;0;0;0;0;0;1;0;1;0;0;0;46;45;51;53;52;49;49.44983;61;150;190;12;14;2;1;0;19.11539;16.15;50;11.03846;0;0;0;1;0;0;1;0;0
3787;1;0;0;0;1;45;15;0;0;0;0;0;1;0;0;0;1;0;1;0;0;0;58;58;57;53;61;50;58.17366;64;107;150;12;12;0;1;0;11.59615;июн.28;40;2.961539;1;1;0;0;1;0;1;0;0
5301;1;0;0;0;1;39;12;0;0;0;0;0;1;0;0;1;0;0;1;0;0;0;62;51;61;62;54;65;57.90104;60;100;126;12;12;2;1;0;17.46154;19.июн;32;15.71154;0;0;1;0;1;0;0;0;1
2848;1;0;0;0;1;42;16;0;0;0;1;0;0;0;0;0;1;0;0;0;0;1;64;64;60;62;54;54;64.71653;67;124;103;18;20;1;1;0;20.17308;62.79;40;1.519231;0;0;1;0;1;1;0;0;0
4684;1;0;0;0;1;44;13;0;0;0;0;1;0;0;0;1;0;0;0;1;0;0;48;53;60;59;54;34;57.90104;64;120;140;17;12;0;1;0;22.21154;24.мар;40;2.538461;0;0;1;0;1;1;0;0;0
2013;1;0;0;0;1;42;12;0;0;0;0;0;1;0;0;1;0;0;0;1;0;0;48;64;59;59;60;45;63.62605;63;135;165;12;12;2;1;0;14.32692;июн.15;25;8.826923;0;0;1;0;1;0;1;0;0
1131;1;0;0;1;0;43;12;0;0;0;0;0;1;0;0;0;1;0;0;1;0;0;34;45;34;53;53;54;44.8153;64;121;147;11;11;4;1;0;18.03846;16.34;40;1.269231;0;0;1;0;1;0;0;0;1
4746;1;0;0;0;1;39;12;0;0;0;0;0;1;0;0;0;1;0;0;0;0;1;42;40;43;59;51;54;46.1784;65;110;121;9;8;5;1;0;дек.75;дек.77;40;0.4038461;1;1;0;0;1;0;1;0;0
2521;1;0;0;0;1;39;12;0;0;0;0;0;1;0;0;1;0;0;0;1;0;0;42;36;39;38;52;54;37.18195;62;120;160;12;12;4;1;;14.69231;окт.21;32;1.807692;1;1;0;0;1;0;1;0;0
244;1;0;0;0;1;45;12;0;0;0;0;0;1;0;0;1;0;0;1;0;0;0;62;58;60;59;53;57;60.62724;62;155;230;16;7;4;1;0;18.05769;7;15;4.615385;1;1;0;0;0;1;0;0;0
3812;1;0;0;0;1;42;16;0;0;0;1;0;0;0;0;1;0;0;1;0;0;0;58;66;61;62;62;70;66.07963;68;125;140;12;13;2;1;0;16.23077;17.14;35;10.71154;0;0;0;1;1;0;0;0;1
140;1;0;0;0;1;43;17;0;0;1;0;0;0;0;0;1;0;0;0;1;0;0;58;51;60;59;49;53;56.81056;70;160;190;15;12;1;1;0;17.32692;27.43;35;22.03846;1;1;0;0;1;1;0;0;0
952;1;0;0;0;1;38;12;0;0;0;0;0;1;0;0;1;0;0;1;0;0;0;54;58;41;53;61;59;53.81174;63;112;140;12;12;3;1;0;18.44231;23;20;3.615385;0;0;1;0;1;0;1;0;0
5510;1;0;0;0;1;40;12;0;0;0;0;0;1;0;1;0;0;0;1;0;0;0;40;35;39;41;53;48;37.45457;64;149;220;7;10;3;1;0;19.75;авг.72;40;20.48077;0;1;0;0;0;0;0;0;1
12018;1;0;0;0;1;45;12;0;0;0;0;0;1;0;0;0;1;0;0;1;0;0;48;62;60;62;62;71;63.62605;61;102;100;11;11;7;1;0;23.19231;17.76;46;24.84615;0;0;1;0;0;0;1;0;0
2016;1;0;0;0;1;41;17;0;0;0;0;0;0;0;0;1;0;0;1;0;0;0;52;55;51;62;55;45;57.3558;63;115;134;14;16;4;1;0;10.30769;20.63;41;1.961538;1;1;0;0;1;0;1;0;0
982;1;0;0;0;1;39;12;0;0;0;0;0;1;0;1;0;0;0;0;1;0;0;42;50;39;59;54;49;50.54031;68;160;200;10;8;5;1;;19.73077;13.75;40;5.134615;0;0;1;0;1;0;1;0;0
3457;1;0;0;0;1;39;14;0;0;0;0;1;0;0;0;0;1;0;0;1;0;0;40;42;39;35;50;36;39.63553;63;105;115;14;12;4;1;0;17.63461;13.авг;38;17.26923;1;0;1;0;1;0;1;0;0
4538;1;0;0;0;1;45;12;0;0;0;0;0;1;0;0;1;0;0;1;0;0;0;50;49;55;53;53;59;52.72127;67;160;230;10;9;8;1;0;22.96154;24.мар;20;8.961538;0;0;1;0;1;0;0;1;0
2731;1;0;0;0;1;40;16;0;0;0;1;0;0;0;0;1;0;0;1;0;0;0;44;39;52;56;52;56;47.26888;65;128;155;12;6;2;0;;16.46154;апр.54;55;4.865385;0;1;0;0;0;0;0;0;1
1848;1;0;0;1;0;40;13;0;0;0;0;0;1;0;0;1;0;0;0;1;0;0;36;45;50;44;52;53;46.72364;67;120;121;12;12;3;1;0;17.57692;16.82;40;0.6346154;0;0;1;0;1;0;0;1;0
682;1;0;1;0;0;39;12;0;0;0;0;0;1;0;1;0;0;0;1;0;0;0;44;38;46;50;51;50;43.4522;68;140;190;9;8;12;1;1;7.307693;09.май;40;7.730769;0;1;0;0;1;0;1;0;0
1179;1;0;0;0;1;39;12;0;0;0;0;0;1;0;0;1;0;0;1;0;0;0;42;55;54;56;56;54;56.53794;66;150;190;12;12;2;1;1;21.48077;13.86;40;1.057692;0;0;1;0;1;0;0;0;1
491;1;0;0;0;1;42;12;0;0;0;0;0;1;0;0;1;0;0;0;1;0;0;42;45;33;29;52;34;37.99981;65;240;180;12;11;3;1;0;20.61539;30.55;36;0.4230769;0;0;1;0;1;0;0;0;1
2785;1;0;0;0;1;42;12;0;0;0;0;0;1;0;0;1;0;0;1;0;0;0;52;38;55;59;52;48;48.35935;69;233;300;12;6;2;0;;12.96154;май.37;40;1.846154;0;0;1;0;0;0;0;0;1
530;1;0;0;0;1;45;9;0;0;0;0;0;0;1;0;1;0;0;1;0;0;0;36;39;35;44;35;56;39.36291;66;131;150;5;8;1;0;0;6.326923;06.янв;40;1;1;0;1;0;0;0;1;0;0
11901;1;0;0;0;1;42;14;0;0;0;0;1;0;0;0;0;1;0;1;0;0;0;48;38;51;53;52;48;45.63316;64;150;250;12;16;1;1;0;13.09615;ноя.97;40;3.480769;1;1;0;0;1;0;1;0;0
3606;1;0;0;0;1;41;13;0;0;0;0;0;1;0;0;1;0;0;0;1;0;0;42;43;57;56;62;57;50.81293;65;140;160;12;12;3;1;0;17.28846;14.28;21;2.365385;0;0;1;0;0;0;1;0;0
5262;1;0;0;0;1;41;12;0;0;0;0;0;1;0;1;0;0;0;1;0;0;0;54;51;48;59;55;55;53.53913;64;130;160;12;8;5;1;0;22.32692;14.33;40;6.384615;1;1;0;0;1;0;0;1;0
11918;1;0;0;0;1;40;17;0;0;0;1;0;0;0;0;1;0;0;1;0;0;0;60;64;59;56;62;62;62.80819;64;145;192;12;16;2;1;0;13.84615;41.66;30;17.80769;1;1;0;0;0;0;0;0;1
5037;1;0;0;0;1;43;14;0;0;0;0;0;1;0;0;1;0;0;1;0;0;0;50;49;50;50;53;54;50.54031;72;160;220;14;16;2;1;0;23.09615;июл.79;37;15.03846;0;1;0;0;1;0;0;0;1
3406;1;0;0;0;1;38;17;0;0;0;1;0;0;0;1;0;0;0;1;0;0;0;58;51;59;59;50;47;56.53794;62;125;200;12;16;2;1;0;16.09615;ноя.87;51;15.86539;0;0;1;0;0;0;1;0;0
49;1;0;0;0;1;44;14;0;0;0;0;1;0;0;0;1;0;0;0;1;0;0;52;61;52;59;62;71;60.082;69;150;200;12;12;6;1;0;23;19.23;35;7.403846;0;0;1;0;1;1;0;0;0
249;1;0;0;0;1;39;17;0;0;0;0;1;0;0;0;1;0;0;1;0;0;0;32;58;38;47;61;49;51.35817;65;140;200;12;12;4;1;1;12.76923;06.май;12;фев.25;0;0;1;0;1;1;0;0;0
11818;1;0;0;0;1;39;10;0;0;0;0;0;0;1;0;0;1;1;0;0;0;0;38;40;41;29;38;45;37.45457;63;260;176;8;9;2;0;1;12.88461;июн.84;38;мар.25;0;0;1;0;1;0;1;0;0
1548;1;0;0;0;1;41;10;0;0;0;0;0;0;1;0;0;1;0;1;0;0;0;40;46;50;50;50;44;48.90459;64;110;120;10;10;1;1;1;16.23077;7;50;1.365385;0;0;1;0;1;0;0;1;0
1039;1;0;0;0;1;42;15;0;0;0;0;0;1;0;0;0;1;0;0;0;0;1;50;54;54;56;52;48;55.9927;67;120;150;13;12;3;1;0;18.07692;19.99;40;янв.75;1;1;0;0;1;0;1;0;0
3150;1;0;0;0;1;43;16;0;0;0;1;0;0;0;0;1;0;0;0;1;0;0;58;65;61;53;57;55;63.08081;71;120;137;12;12;1;1;0;21.23077;47.86;45;11;0;0;1;0;0;1;0;0;0
4001;1;0;0;0;1;40;13;0;0;0;0;0;1;0;0;1;0;0;1;0;0;0;48;51;51;59;61;42;54.35698;62;140;192;12;13;2;1;0;11.36539;8;15;3.826923;0;1;0;0;1;0;1;0;0
2275;1;0;0;0;1;37;12;0;0;0;0;0;1;0;0;1;0;0;1;0;0;0;46;42;46;41;51;50;43.17958;63;110;145;12;12;1;1;0;17.44231;сен.25;40;5.326923;0;0;1;0;0;0;0;0;1
4125;1;0;0;0;1;39;13;0;0;0;0;0;1;0;0;0;1;0;1;0;0;0;44;54;37;53;62;66;50.54031;66;140;145;12;12;2;1;0;15.26923;13.46;40;12.03846;0;0;1;0;1;0;0;0;1
4931;1;0;0;0;1;38;14;0;0;0;0;0;1;0;0;1;0;0;1;0;0;0;54;49;59;59;53;42;55.44746;63;115;126;9;10;4;1;0;18.80769;15;40;2.692308;0;0;1;0;0;0;0;0;1
3397;1;0;0;0;1;38;12;0;0;0;0;0;1;0;0;1;0;0;0;1;0;0;44;45;44;50;59;65;46.72364;69;125;130;12;12;3;1;0;7.230769;08.фев;17;1;1;0;1;0;1;0;1;0;0
5212;1;0;0;0;1;44;17;0;0;0;1;0;0;0;0;0;1;0;1;0;0;0;52;64;55;56;55;57;61.71771;67;150;195;12;8;4;0;0;12.78846;12;35;0.6153846;0;0;1;0;1;0;0;1;0
2156;1;0;0;0;1;38;12;0;0;0;0;0;1;0;0;0;1;0;1;0;0;0;44;46;42;59;49;43;49.17721;65;125;161;16;9;2;1;0;17.82692;18;40;0.1730769;0;0;1;0;1;0;0;0;1
3512;1;0;0;0;1;37;12;0;0;0;0;0;1;0;0;1;0;0;0;1;0;0;34;38;38;47;52;48;40.45338;64;115;126;10;12;2;0;0;20.17308;21.87;40;0.5961539;1;0;1;0;1;0;1;0;0
1438;1;0;1;0;0;39;12;0;0;0;0;0;1;0;1;0;0;0;0;1;0;0;40;38;28;32;39;50;33.6379;65;163;200;10;9;2;1;1;8.288462;7;40;0.7307692;0;0;1;0;1;0;0;0;1
3523;1;0;0;0;1;39;12;0;0;0;0;0;1;0;0;1;0;0;0;1;0;0;56;46;54;53;54;47;50.81293;63;116;145;12;9;6;1;0;13.96154;12;20;9.038462;0;0;1;0;1;0;1;0;0
11834;1;0;0;0;1;43;9;0;0;0;0;0;0;1;1;0;0;0;1;0;0;0;50;38;41;41;31;47;39.63553;69;250;210;9;12;4;1;0;21.36539;июл.23;38;0.8846154;1;0;1;0;1;0;0;0;1
861;1;0;0;0;1;39;12;0;0;0;0;0;1;0;1;0;0;0;1;0;0;0;54;46;56;50;41;46;50.54031;62;140;170;12;12;4;1;0;19.42308;12;40;14.48077;1;1;0;0;1;0;1;0;0
2203;1;0;0;0;1;40;12;0;0;0;0;0;1;0;0;0;1;0;1;0;0;0;44;49;47;35;54;50;45.63316;63;150;170;12;9;2;1;0;22.03846;окт.28;40;3.346154;0;0;1;0;0;0;0;0;1
12022;1;0;0;0;1;45;12;0;0;0;0;0;1;0;0;1;0;0;0;1;0;0;56;58;55;53;62;58;57.62842;65;127;140;8;12;1;1;0;22.26923;20.72;45;15.86539;0;0;1;0;1;0;1;0;0
3879;1;0;0;0;1;42;13;0;0;0;0;0;1;0;0;1;0;0;1;0;0;0;60;64;57;56;53;60;62.26295;64;115;129;12;14;2;1;;18.75;сен.25;44;3.134615;0;0;1;0;0;0;1;0;0
1519;1;0;1;0;0;41;12;0;0;0;0;0;1;0;0;0;1;0;1;0;0;0;56;46;48;59;31;31;50.81293;65;135;160;7;7;5;1;0;16.59615;17.май;40;10.11539;0;0;1;0;1;0;0;0;1
3146;1;0;0;0;1;42;17;0;0;1;0;0;0;0;0;0;1;0;1;0;0;0;62;46;60;59;52;60;54.08437;67;120;126;12;12;2;1;0;18.65385;27.июл;38;12.май;0;1;0;0;1;1;0;0;0
5049;1;0;0;0;1;43;13;0;0;0;0;0;1;0;0;1;0;0;1;0;0;0;46;49;60;62;56;63;56.53794;67;127;128;12;10;4;1;0;17.84615;9;40;3.596154;0;0;1;0;2;0;0;0;1
4972;1;0;0;0;1;40;13;0;0;0;0;0;1;0;0;0;1;0;1;0;0;0;50;46;41;50;52;42;46.45102;64;140;136;12;13;4;1;0;12.86539;сен.35;32;8.634615;0;0;1;0;1;0;1;0;0
2186;1;0;0;0;1;43;16;0;0;0;1;0;0;0;0;1;0;0;1;0;0;0;64;59;61;62;62;47;62.26295;64;115;134;18;16;1;1;0;18.53846;29.27;28;1.980769;0;0;1;0;0;0;0;0;1
810;1;0;0;0;1;42;16;0;0;0;1;0;0;0;0;1;0;0;0;1;0;0;52;59;60;62;62;68;61.99033;60;105;125;12;12;4;1;0;19.51923;36.24;52;4.076923;0;0;1;0;1;0;0;0;1
5014;1;0;0;0;1;38;10;0;0;0;0;0;0;1;0;1;0;0;1;0;0;0;40;34;35;32;46;50;33.36528;67;122;170;12;11;0;1;;8.153846;9;40;0.3653846;0;0;1;0;0;0;0;0;1
2706;1;0;0;1;0;40;12;0;0;0;0;0;1;0;1;0;0;0;0;1;0;0;34;36;35;35;41;44;35.27361;62;103;140;0;0;8;0;1;15.90385;11.май;45;4.269231;0;0;1;0;1;0;0;0;1
2408;1;0;0;0;1;42;12;0;0;0;0;0;1;0;0;1;0;0;0;1;0;0;46;40;47;50;43;44;44.8153;61;102;119;10;14;2;0;0;17.40385;16.53;50;9.461538;0;0;1;0;1;0;0;1;0
2879;1;0;0;0;1;45;12;0;0;0;0;0;1;0;0;0;1;0;0;1;0;0;44;36;44;50;52;60;41.81648;67;140;145;12;12;2;1;0;21.71154;17;40;2.307692;0;0;1;0;1;1;0;0;0
3855;1;0;0;0;1;38;20;0;0;0;1;0;0;0;0;1;0;0;1;0;0;0;56;62;59;56;62;56;61.71771;64;120;115;14;19;1;1;0;9.769231;32;20;5.615385;0;0;1;0;1;0;0;1;0
369;1;0;0;0;1;43;16;0;0;0;1;0;0;0;0;1;0;0;1;0;0;0;64;65;59;59;61;45;64.17129;65;125;126;12;19;1;1;0;15.76923;15;15;0.7692308;0;0;1;0;1;1;0;0;0
963;1;0;0;0;1;39;12;0;0;0;0;0;1;0;0;0;1;0;1;0;0;0;42;45;55;50;44;34;49.72245;67;128;140;12;9;3;1;0;21.69231;27.32;38;18.80769;0;0;1;0;1;0;1;0;0
5631;1;0;1;0;0;38;13;0;0;0;0;0;0;1;0;0;1;0;1;0;0;0;50;46;55;50;49;42;50.26769;65;140;190;12;11;2;1;0;9.634615;11;40;0.3461539;0;0;1;0;1;1;0;0;0
2746;1;0;0;0;1;42;13;0;0;0;0;0;1;0;0;1;0;0;1;0;0;0;44;47;43;47;51;51;46.72364;61;141;180;10;3;1;0;0;22.32692;14.42;40;23.55769;0;0;1;0;0;0;0;0;1
3756;1;0;0;0;1;38;12;0;0;0;0;0;1;0;0;0;1;0;0;1;0;0;50;50;54;50;40;45;52.17603;66;115;180;8;12;3;0;0;16.17308;14.32;40;10.40385;1;0;1;0;1;0;1;0;0
803;1;0;0;0;1;39;12;0;0;0;0;0;1;0;0;1;0;0;0;0;0;1;60;65;54;56;47;47;61.99033;68;124;145;12;12;3;1;0;18.03846;18.18;55;7.903846;1;0;1;0;0;0;1;0;0
5193;1;0;0;0;1;39;16;0;0;0;0;1;0;0;1;0;0;1;0;0;0;0;56;50;50;53;47;46;51.90341;69;150;165;12;12;4;1;0;16.65385;25.мар;40;12.07692;0;0;1;0;1;0;0;1;0
